#
# There is insufficient memory for the Java Runtime Environment to continue.
# Native memory allocation (malloc) failed to allocate 400656 bytes. Error detail: Chunk::new
# Possible reasons:
#   The system is out of physical RAM or swap space
#   This process is running with CompressedOops enabled, and the Java Heap may be blocking the growth of the native heap
# Possible solutions:
#   Reduce memory load on the system
#   Increase physical memory or swap space
#   Check if swap backing store is full
#   Decrease Java heap size (-Xmx/-Xms)
#   Decrease number of Java threads
#   Decrease Java thread stack sizes (-Xss)
#   Set larger code cache with -XX:ReservedCodeCacheSize=
#   JVM is running with Unscaled Compressed Oops mode in which the Java heap is
#     placed in the first 4GB address space. The Java Heap base address is the
#     maximum limit for the native heap growth. Please use -XX:HeapBaseMinAddress
#     to set the Java Heap base and to place the Java Heap above 4GB virtual address.
# This output file may be truncated or incomplete.
#
#  Out of Memory Error (arena.cpp:191), pid=145152, tid=208736
#
# JRE version: OpenJDK Runtime Environment Temurin-17.0.14+7 (17.0.14+7) (build 17.0.14+7)
# Java VM: OpenJDK 64-Bit Server VM Temurin-17.0.14+7 (17.0.14+7, mixed mode, tiered, compressed oops, compressed class ptrs, g1 gc, windows-amd64)
# Core dump will be written. Default location: E:\Death_Claim_Automation\hs_err_pid145152.mdmp
#

---------------  S U M M A R Y ------------

Command Line: -Dgroovy.home=C:\Users\qk user2/.groovy -Djava.system.class.loader=groovy.lang.GroovyClassLoader -Xmx2048m -Dfile.encoding=UTF-8 -Dstdout.encoding=UTF-8 -Dstderr.encoding=UTF-8 -XX:+ShowCodeDetailsInExceptionMessages org.codehaus.groovy.tools.GroovyStarter --classpath E:\Death_Claim_Automation\bin\keyword;E:\Death_Claim_Automation\Keywords;E:\Death_Claim_Automation\bin\listener;E:\Death_Claim_Automation\Test Listeners;E:\Death_Claim_Automation\bin\lib;E:\Death_Claim_Automation\Libs;E:\Death_Claim_Automation\bin\groovy;E:\Death_Claim_Automation\Include\scripts\groovy;C:\Users\qk user2\.katalon\packages\KSE-10.4.2\plugins\com.kms.katalon.core_1.0.0.202511190132.jar;C:\Users\qk user2\.katalon\packages\KSE-10.4.2\configuration\resources\lib\aalto-xml-1.0.0.jar;C:\Users\qk user2\.katalon\packages\KSE-10.4.2\configuration\resources\lib\aws-2.20.3-fat.jar;C:\Users\qk user2\.katalon\packages\KSE-10.4.2\configuration\resources\lib\browsermob-core-2.1.5.jar;C:\Users\qk user2\.katalon\packages\KSE-10.4.2\configuration\resources\lib\byte-buddy-1.14.3.jar;C:\Users\qk user2\.katalon\packages\KSE-10.4.2\configuration\resources\lib\byte-buddy-agent-1.14.3.jar;C:\Users\qk user2\.katalon\packages\KSE-10.4.2\configuration\resources\lib\commons-codec-1.10.jar;C:\Users\qk user2\.katalon\packages\KSE-10.4.2\configuration\resources\lib\commons-collections4-4.1.jar;C:\Users\qk user2\.katalon\packages\KSE-10.4.2\configuration\resources\lib\commons-javaflow-20060411.jar;C:\Users\qk user2\.katalon\packages\KSE-10.4.2\configuration\resources\lib\commons-logging-1.3.4.jar;C:\Users\qk user2\.katalon\packages\KSE-10.4.2\configuration\resources\lib\curvesapi-1.04.jar;C:\Users\qk user2\.katalon\packages\KSE-10.4.2\configuration\resources\lib\dnsjava-3.6.2.jar;C:\Users\qk user2\.katalon\packages\KSE-10.4.2\configuration\resources\lib\ecj-3.21.0.jar;C:\Users\qk user2\.katalon\packages\KSE-10.4.2\configuration\resources\lib\fontbox-3.0.4.jar;C:\Users\qk user2\.katalon\packages\KSE-10.4.2\configuration\resources\lib\groovy-3.0.17.jar;C:\Users\qk user2\.katalon\packages\KSE-10.4.2\configuration\resources\lib\jackson-coreutils-2.0.jar;C:\Users\qk user2\.katalon\packages\KSE-10.4.2\configuration\resources\lib\jackson-coreutils-equivalence-1.0.jar;C:\Users\qk user2\.katalon\packages\KSE-10.4.2\configuration\resources\lib\jasperreports-6.20.5.jar;C:\Users\qk user2\.katalon\packages\KSE-10.4.2\configuration\resources\lib\jasperreports-fonts-6.20.5.jar;C:\Users\qk user2\.katalon\packages\KSE-10.4.2\configuration\resources\lib\javax.servlet-api_3.1.0.jar;C:\Users\qk user2\.katalon\packages\KSE-10.4.2\configuration\resources\lib\jna-5.12.1.jar;C:\Users\qk user2\.katalon\packages\KSE-10.4.2\configuration\resources\lib\jna-platform-5.12.1.jar;C:\Users\qk user2\.katalon\packages\KSE-10.4.2\configuration\resources\lib\json-schema-core-1.2.14.jar;C:\Users\qk user2\.katalon\packages\KSE-10.4.2\configuration\resources\lib\json-schema-validator-2.2.14.jar;C:\Users\qk user2\.katalon\packages\KSE-10.4.2\configuration\resources\lib\jzlib-1.1.3.jar;C:\Users\qk user2\.katalon\packages\KSE-10.4.2\configuration\resources\lib\kat-server.jar;C:\Users\qk user2\.katalon\packages\KSE-10.4.2\configuration\resources\lib\littleproxy-1.1.0-beta-bmp-17.jar;C:\Users\qk user2\.katalon\packages\KSE-10.4.2\configuration\resources\lib\log4j-1.2-api-2.17.1.jar;C:\Users\qk user2\.katalon\packages\KSE-10.4.2\configuration\resources\lib\log4j-api-2.17.1.jar;C:\Users\qk user2\.katalon\packages\KSE-10.4.2\configuration\resources\lib\log4j-core-2.17.1.jar;C:\Users\qk user2\.katalon\packages\KSE-10.4.2\configuration\resources\lib\mitm-2.1.5.jar;C:\Users\qk user2\.katalon\packages\KSE-10.4.2\configuration\resources\lib\mockito-core-5.2.0.jar;C:\Users\qk user2\.katalon\packages\KSE-10.4.2\configuration\resources\lib\mockito-inline-5.2.0.jar;C:\Users\qk user2\.katalon\packages\KSE-10.4.2\configuration\resources\lib\objenesis-3.3.jar;C:\Users\qk user2\.katalon\packages\KSE-10.4.2\configuration\resources\lib\openpdf-1.3.30.jaspersoft.2.jar;C:\Users\qk user2\.katalon\packages\KSE-10.4.2\configuration\resources\lib\pdfbox-3.0.4.jar;C:\Users\qk user2\.katalon\packages\KSE-10.4.2\configuration\resources\lib\pdfbox-io-3.0.4.jar;C:\Users\qk user2\.katalon\packages\KSE-10.4.2\configuration\resources\lib\poi-3.17.jar;C:\Users\qk user2\.katalon\packages\KSE-10.4.2\configuration\resources\lib\poi-ooxml-3.17.jar;C:\Users\qk user2\.katalon\packages\KSE-10.4.2\configuration\resources\lib\poi-ooxml-schemas-3.17.jar;C:\Users\qk user2\.katalon\packages\KSE-10.4.2\configuration\resources\lib\repackaged-sikuli-api-1.0.2-standalone.jar;C:\Users\qk user2\.katalon\packages\KSE-10.4.2\configuration\resources\lib\selenium-shutterbug-1.1.jar;C:\Users\qk user2\.katalon\packages\KSE-10.4.2\configuration\resources\lib\soap-builder-1.0.0.jar;C:\Users\qk user2\.katalon\packages\KSE-10.4.2\configuration\resources\lib\soap-common-1.0.0.jar;C:\Users\qk user2\.katalon\packages\KSE-10.4.2\configuration\resources\lib\soap-legacy-1.0.0.jar;C:\Users\qk user2\.katalon\packages\KSE-10.4.2\configuration\resources\lib\stax2-api-4.0.0.jar;C:\Users\qk user2\.katalon\packages\KSE-10.4.2\configuration\resources\lib\su.jar;C:\Users\qk user2\.katalon\packages\KSE-10.4.2\configuration\resources\lib\swagger-parser-1.0.67-fat.jar;C:\Users\qk user2\.katalon\packages\KSE-10.4.2\configuration\resources\lib\uri-template-0.1.jar;C:\Users\qk user2\.katalon\packages\KSE-10.4.2\configuration\resources\lib\wadl.jar;C:\Users\qk user2\.katalon\packages\KSE-10.4.2\configuration\resources\lib\xmlbeans-3.1.0.jar;C:\Users\qk user2\.katalon\packages\KSE-10.4.2\plugins\net.sf.supercsv.super-csv_2.4.0.jar;C:\Users\qk user2\.katalon\packages\KSE-10.4.2\plugins\org.apache.commons.commons-io_2.17.0.jar;C:\Users\qk user2\.katalon\packages\KSE-10.4.2\plugins\org.apache.commons.lang_2.6.0.jar;C:\Users\qk user2\.katalon\packages\KSE-10.4.2\plugins\com.google.gson_2.11.0.jar;C:\Users\qk user2\.katalon\packages\KSE-10.4.2\plugins\org.jsoup_1.21.1.jar;C:\Users\qk user2\.katalon\packages\KSE-10.4.2\plugins\org.apache.commons.dbutils_1.6.0.jar;C:\Users\qk user2\.katalon\packages\KSE-10.4.2\plugins\com.oracle.database.jdbc.ojdbc11_21.18.0.0.jar;C:\Users\qk user2\.katalon\packages\KSE-10.4.2\plugins\org.postgresql.jdbc_42.7.7.jar;c:\Users\qk user2\.katalon\packages\KSE-10.4.2\plugins\org.eclipse.osgi_3.22.0.v20241030-2121.jar;C:\Users\qk user2\.katalon\packages\KSE-10.4.2\plugins\com.kms.katalon.constant_1.0.0.202511190132.jar;C:\Users\qk user2\.katalon\packages\KSE-10.4.2\plugins\org.eclipse.persistence.eclipselink_2.7.11.jar;C:\Users\qk user2\.katalon\packages\KSE-10.4.2\plugins\com.kms.katalon.selenium-standalone_1.0.0.202511190132.jar;C:\Users\qk user2\.katalon\packages\KSE-10.4.2\plugins\atu.testrecorder.screen-recorder_2.1.0.jar;C:\Users\qk user2\.katalon\packages\KSE-10.4.2\plugins\com.google.guava_33.4.8.jre.jar;C:\Users\qk user2\.katalon\packages\KSE-10.4.2\plugins\com.kms.katalon.util_1.0.0.202511190132.jar;C:\Users\qk user2\.katalon\packages\KSE-10.4.2\plugins\org.apache.httpcomponents.httpclient_4.5.14.jar;C:\Users\qk user2\.katalon\packages\KSE-10.4.2\plugins\org.apache.httpcomponents.httpcore_4.4.16.jar;C:\Users\qk user2\.katalon\packages\KSE-10.4.2\plugins\org.apache.httpcomponents.httpmime_4.5.13.jar;C:\Users\qk user2\.katalon\packages\KSE-10.4.2\plugins\org.apache.commons.lang3_3.18.0.jar;C:\Users\qk user2\.katalon\packages\KSE-10.4.2\plugins\org.greenrobot.eventbus_3.1.1.jar;C:\Users\qk user2\.katalon\packages\KSE-10.4.2\plugins\net.bytebuddy.byte-buddy_1.17.6.jar;C:\Users\qk user2\.katalon\packages\KSE-10.4.2\plugins\org.junit_4.13.2.v20230809-1000.jar;C:\Users\qk user2\.katalon\packages\KSE-10.4.2\plugins\com.fasterxml.jackson.core.jackson-databind_2.18.4.jar;C:\Users\qk user2\.katalon\packages\KSE-10.4.2\plugins\com.fasterxml.jackson.core.jackson-core_2.18.4.jar;C:\Users\qk user2\.katalon\packages\KSE-10.4.2\plugins\com.fasterxml.jackson.core.jackson-annotations_2.18.4.jar;C:\Users\qk user2\.katalon\packages\KSE-10.4.2\plugins\slf4j.api_2.0.17.jar;C:\Users\qk user2\.katalon\packages\KSE-10.4.2\plugins\org.fusesource.jansi_1.17.1.jar;C:\Users\qk user2\.katalon\packages\KSE-10.4.2\plugins\com.kms.katalon.netlightbody_1.0.0.202511190132.jar;C:\Users\qk user2\.katalon\packages\KSE-10.4.2\plugins\com.kms.katalon.poi_1.0.0.202511190132.jar;C:\Users\qk user2\.katalon\packages\KSE-10.4.2\plugins\org.apache.commons.commons-text_1.10.0.jar;C:\Users\qk user2\.katalon\packages\KSE-10.4.2\plugins\com.microsoft.sqlserver.mssql-jdbc_12.6.5.jar;C:\Users\qk user2\.katalon\packages\KSE-10.4.2\plugins\com.github.kklisura.cdt.java-client_2.1.0.jar;C:\Users\qk user2\.katalon\packages\KSE-10.4.2\plugins\javax.websocket-api_1.1.0.jar;C:\Users\qk user2\.katalon\packages\KSE-10.4.2\plugins\org.glassfish.tyrus.container-grizzly-client_1.13.1.jar;C:\Users\qk user2\.katalon\packages\KSE-10.4.2\plugins\org.glassfish.grizzly.http-server_2.3.25.jar;C:\Users\qk user2\.katalon\packages\KSE-10.4.2\plugins\org.glassfish.grizzly.framework_2.3.25.jar;C:\Users\qk user2\.katalon\packages\KSE-10.4.2\plugins\org.glassfish.grizzly.http_2.3.25.jar;C:\Users\qk user2\.katalon\packages\KSE-10.4.2\plugins\org.glassfish.tyrus.client_1.13.1.jar;C:\Users\qk user2\.katalon\packages\KSE-10.4.2\plugins\org.glassfish.tyrus.core_1.13.1.jar;C:\Users\qk user2\.katalon\packages\KSE-10.4.2\plugins\org.glassfish.tyrus.spi_1.13.1.jar;C:\Users\qk user2\.katalon\packages\KSE-10.4.2\plugins\javassist_3.28.0.GA.jar;C:\Users\qk user2\.katalon\packages\KSE-10.4.2\plugins\graphql-java_22.3.0.jar;C:\Users\qk user2\.katalon\packages\KSE-10.4.2\plugins\org.glassfish.jaxb.runtime_2.3.6.jar;C:\Users\qk user2\.katalon\packages\KSE-10.4.2\plugins\org.glassfish.jaxb.txw2_2.3.6.jar;C:\Users\qk user2\.katalon\packages\KSE-10.4.2\plugins\org.dom4j_2.1.4.jar;C:\Users\qk user2\.katalon\packages\KSE-10.4.2\plugins\com.kms.katalon.groovy-extended_1.0.0.202511190132.jar;C:\Users\qk user2\.katalon\packages\KSE-10.4.2\plugins\com.sun.activation.javax.activation_1.2.0.jar;C:\Users\qk user2\.katalon\packages\KSE-10.4.2\plugins\jakarta.xml.bind-api_4.0.2.jar;C:\Users\qk user2\.katalon\packages\KSE-10.4.2\plugins\org.eclipse.jface_3.35.100.v20241003-1431.jar;C:\Users\qk user2\.katalon\packages\KSE-10.4.2\plugins\com.kms.katalon.logging_1.0.0.202511190132.jar;C:\Users\qk user2\.katalon\packages\KSE-10.4.2\plugins\json_20240303.0.0.jar;C:\Users\qk user2\.katalon\packages\KSE-10.4.2\plugins\assertj-core_3.25.3.jar;C:\Users\qk user2\.katalon\packages\KSE-10.4.2\plugins\com.networknt.json-schema-validator_1.5.7.jar;C:\Users\qk user2\.katalon\packages\KSE-10.4.2\plugins\com.kms.katalon.network.apache_1.0.0.202511190132.jar;C:\Users\qk user2\.katalon\packages\KSE-10.4.2\plugins\com.kms.katalon.network.core_1.0.0.202511190132.jar;C:\Users\qk user2\.katalon\packages\KSE-10.4.2\plugins\java-dataloader_3.3.0.jar;C:\Users\qk user2\.katalon\packages\KSE-10.4.2\plugins\org.apache.commons.collections_3.2.2.v201511171945.jar;C:\Users\qk user2\.katalon\packages\KSE-10.4.2\plugins\org.apache.commons.commons-collections4_4.4.0.jar;C:\Users\qk user2\.katalon\packages\KSE-10.4.2\plugins\org.apache.commons.digester_2.1.0.jar;C:\Users\qk user2\.katalon\packages\KSE-10.4.2\plugins\stax2-api_4.2.2.jar;C:\Users\qk user2\.katalon\packages\KSE-10.4.2\plugins\com.fasterxml.woodstox.woodstox-core_6.6.2.jar;C:\Users\qk user2\.katalon\packages\KSE-10.4.2\plugins\org.apache.commons.logging_1.2.0.v20180409-1502.jar;C:\Users\qk user2\.katalon\packages\KSE-10.4.2\plugins\org.apache.commons.commons-beanutils_1.11.0.jar;C:\Users\qk user2\.katalon\packages\KSE-10.4.2\plugins\com.kms.katalon.report.core_1.0.0.202511190132.jar;C:\Users\qk user2\.katalon\packages\KSE-10.4.2\plugins\org.seleniumhq.selenium.selenium-api_4.34.0.jar;C:\Users\qk user2\.katalon\packages\KSE-10.4.2\plugins\org.seleniumhq.selenium.selenium-remote-driver_4.34.0.jar;C:\Users\qk user2\.katalon\packages\KSE-10.4.2\plugins\org.seleniumhq.selenium.selenium-http_4.34.0.jar;C:\Users\qk user2\.katalon\packages\KSE-10.4.2\plugins\ch.qos.logback.classic_1.5.19.jar;C:\Users\qk user2\.katalon\packages\KSE-10.4.2\plugins\ch.qos.logback.core_1.5.19.jar;C:\Users\qk user2\.katalon\packages\KSE-10.4.2\plugins\log4j.over.slf4j_1.7.36.jar;C:\Users\qk user2\.katalon\packages\KSE-10.4.2\plugins\org.eclipse.e4.core.contexts_1.13.0.v20241014-2013.jar;C:\Users\qk user2\.katalon\packages\KSE-10.4.2\plugins\com.github.oshi.oshi-core_6.9.1.jar;C:\Users\qk user2\.katalon\packages\KSE-10.4.2\plugins\com.sun.jna_5.18.1.jar;C:\Users\qk user2\.katalon\packages\KSE-10.4.2\plugins\com.sun.jna.platform_5.18.1.jar;C:\Users\qk user2\.katalon\packages\KSE-10.4.2\plugins\org.bidib.com.github.markusbernhardt.proxy-vole_1.1.7.jar;C:\Users\qk user2\.katalon\packages\KSE-10.4.2\plugins\org.hamcrest.core_1.3.0.jar;C:\Users\qk user2\.katalon\packages\KSE-10.4.2\plugins\org.beanshell.bsh_2.0.0.0b4.jar;C:\Users\qk user2\.katalon\packages\KSE-10.4.2\plugins\org.apache.ant.launcher_1.9.6.jar;C:\Users\qk user2\.katalon\packages\KSE-10.4.2\plugins\org.seleniumhq.selenium.selenium-chrome-driver_4.34.0.jar;C:\Users\qk user2\.katalon\packages\KSE-10.4.2\plugins\org.seleniumhq.selenium.selenium-chromium-driver_4.34.0.jar;C:\Users\qk user2\.katalon\packages\KSE-10.4.2\plugins\org.seleniumhq.selenium.selenium-edge-driver_4.34.0.jar;C:\Users\qk user2\.katalon\packages\KSE-10.4.2\plugins\org.seleniumhq.selenium.selenium-firefox-driver_4.34.0.jar;C:\Users\qk user2\.katalon\packages\KSE-10.4.2\plugins\org.seleniumhq.selenium.selenium-safari-driver_4.34.0.jar;C:\Users\qk user2\.katalon\packages\KSE-10.4.2\plugins\org.seleniumhq.selenium.selenium-ie-driver_4.34.0.jar;C:\Users\qk user2\.katalon\packages\KSE-10.4.2\plugins\org.seleniumhq.selenium.selenium-manager_4.34.0.jar;C:\Users\qk user2\.katalon\packages\KSE-10.4.2\plugins\org.seleniumhq.selenium.selenium-json_4.34.0.jar;C:\Users\qk user2\.katalon\packages\KSE-10.4.2\plugins\com.kms.katalon.core.appium_1.0.0.202511190132.jar;C:\Users\qk user2\.katalon\packages\KSE-10.4.2\plugins\org.seleniumhq.selenium.selenium-os_4.34.0.jar;C:\Users\qk user2\.katalon\packages\KSE-10.4.2\plugins\io.appium.java-client_9.5.0.jar;C:\Users\qk user2\.katalon\packages\KSE-10.4.2\plugins\org.eclipse.e4.core.services_2.5.0.v20241015-2219.jar;C:\Users\qk user2\.katalon\packages\KSE-10.4.2\plugins\org.eclipse.osgi.services_3.12.100.v20240327-0645.jar;C:\Users\qk user2\.katalon\packages\KSE-10.4.2\plugins\org.eclipse.equinox.common_3.19.200.v20241004-0654.jar;C:\Users\qk user2\.katalon\packages\KSE-10.4.2\plugins\com.kms.katalon.platform.core_1.0.0.202511190132.jar;C:\Users\qk user2\.katalon\packages\KSE-10.4.2\plugins\com.kms.katalon.common_1.0.0.202511190132.jar;C:\Users\qk user2\.katalon\packages\KSE-10.4.2\plugins\com.kms.katalon.session.core_1.0.0.202511190132.jar;C:\Users\qk user2\.katalon\packages\KSE-10.4.2\plugins\org.eclipse.e4.core.di_1.9.500.v20240606-1236.jar;C:\Users\qk user2\.katalon\packages\KSE-10.4.2\plugins\com.kms.katalon.execution.core_1.0.0.202511190132.jar;C:\Users\qk user2\.katalon\packages\KSE-10.4.2\plugins\org.eclipse.equinox.registry_3.12.200.v20241004-0654.jar;C:\Users\qk user2\.katalon\packages\KSE-10.4.2\plugins\oauth2-oidc-sdk_11.29.1.jar;C:\Users\qk user2\.katalon\packages\KSE-10.4.2\plugins\dev.failsafe_3.3.2.jar;C:\Users\qk user2\.katalon\packages\KSE-10.4.2\plugins\com.fasterxml.jackson.datatype.jackson-datatype-jsr310_2.17.2.jar;C:\Users\qk user2\.katalon\packages\KSE-10.4.2\plugins\org.eclipse.e4.core.di.annotations_1.8.400.v20240413-1529.jar;C:\Users\qk user2\.katalon\packages\KSE-10.4.2\plugins\net.minidev.json-smart_2.5.2.jar;C:\Users\qk user2\.katalon\packages\KSE-10.4.2\plugins\com.kms.katalon.core.webui_1.0.0.202511190132.jar;C:\Users\qk user2\.katalon\packages\KSE-10.4.2\plugins\org.seleniumhq.selenium.selenium-support_4.34.0.jar;C:\Users\qk user2\.katalon\packages\KSE-10.4.2\plugins\org.seleniumhq.selenium.selenium-devtools-v138_4.34.0.jar;C:\Users\qk user2\.katalon\packages\KSE-10.4.2\plugins\com.kms.katalon.core.mobile_1.0.0.202511190132.jar;C:\Users\qk user2\.katalon\packages\KSE-10.4.2\plugins\org.apache.commons.commons-validator_1.7.0.jar;C:\Users\qk user2\.katalon\packages\KSE-10.4.2\plugins\org.xmlunit.xmlunit-core_2.10.3.jar;C:\Users\qk user2\.katalon\packages\KSE-10.4.2\plugins\com.kms.katalon.core.cucumber_1.0.0.202511190132.jar;C:\Users\qk user2\.katalon\packages\KSE-10.4.2\plugins\io.cucumber.core_3.0.3.jar;C:\Users\qk user2\.katalon\packages\KSE-10.4.2\plugins\io.cucumber.datatable_1.1.16.jar;C:\Users\qk user2\.katalon\packages\KSE-10.4.2\plugins\io.cucumber.datatable-dependencies_1.1.16.jar;C:\Users\qk user2\.katalon\packages\KSE-10.4.2\plugins\io.cucumber.expressions_5.0.19.jar;C:\Users\qk user2\.katalon\packages\KSE-10.4.2\plugins\io.cucumber.gherkin_5.0.0.jar;C:\Users\qk user2\.katalon\packages\KSE-10.4.2\plugins\io.cucumber.html_0.2.7.jar;C:\Users\qk user2\.katalon\packages\KSE-10.4.2\plugins\io.cucumber.java_3.0.3.jar;C:\Users\qk user2\.katalon\packages\KSE-10.4.2\plugins\io.cucumber.tag-expressions_1.1.1.jar;C:\Users\qk user2\.katalon\packages\KSE-10.4.2\plugins\io.cucumber.junit_3.0.3.jar;C:\Users\qk user2\.katalon\packages\KSE-10.4.2\plugins\com.kms.katalon.core.webservice_1.0.0.202511190132.jar;C:\Users\qk user2\.katalon\packages\KSE-10.4.2\plugins\wsdl4j_1.6.2.jar;C:\Users\qk user2\.katalon\packages\KSE-10.4.2\plugins\com.google.oauth-client.google-oauth-client_1.22.0.jar;C:\Users\qk user2\.katalon\packages\KSE-10.4.2\plugins\com.google.http-client.google-http-client_1.22.0.jar;C:\Users\qk user2\.katalon\packages\KSE-10.4.2\plugins\com.kms.katalon.preferences_1.0.0.202511190132.jar;C:\Users\qk user2\.katalon\packages\KSE-10.4.2\plugins\org.apache.xmlbeans_3.1.0.jar;C:\Users\qk user2\.katalon\packages\KSE-10.4.2\plugins\com.kms.katalon.entity_1.0.0.202511190132.jar;C:\Users\qk user2\.katalon\packages\KSE-10.4.2\plugins\jakarta.xml.ws-api_2.3.3.jar;C:\Users\qk user2\.katalon\packages\KSE-10.4.2\plugins\javax.xml.soap-api_1.4.0.jar;C:\Users\qk user2\.katalon\packages\KSE-10.4.2\plugins\com.atlassian.oai.swagger-request-validator-core_2.38.0.jar;C:\Users\qk user2\.katalon\packages\KSE-10.4.2\plugins\io.swagger.compat-spec-parser_1.0.67.jar;C:\Users\qk user2\.katalon\packages\KSE-10.4.2\plugins\io.swagger.core.v3.swagger-annotations_2.2.14.jar;C:\Users\qk user2\.katalon\packages\KSE-10.4.2\plugins\io.swagger.core.v3.swagger-core_2.2.14.jar;C:\Users\qk user2\.katalon\packages\KSE-10.4.2\plugins\io.swagger.core.v3.swagger-models_2.2.14.jar;C:\Users\qk user2\.katalon\packages\KSE-10.4.2\plugins\io.swagger.parser.v3.swagger-parser-core_2.1.16.jar;C:\Users\qk user2\.katalon\packages\KSE-10.4.2\plugins\io.swagger.parser.v3.swagger-parser-v2-converter_2.1.16.jar;C:\Users\qk user2\.katalon\packages\KSE-10.4.2\plugins\com.github.java-json-tools.btf_1.3.0.jar;C:\Users\qk user2\.katalon\packages\KSE-10.4.2\plugins\com.fasterxml.jackson.dataformat.jackson-dataformat-yaml_2.18.3.jar;C:\Users\qk user2\.katalon\packages\KSE-10.4.2\plugins\org.yaml.snakeyaml_2.3.0.jar;C:\Users\qk user2\.katalon\packages\KSE-10.4.2\plugins\com.github.java-json-tools.msg-simple_1.2.0.jar;C:\Users\qk user2\.katalon\packages\KSE-10.4.2\plugins\jackson-core-asl_1.9.13.jar;C:\Users\qk user2\.katalon\packages\KSE-10.4.2\plugins\joda-time_2.10.5.jar;C:\Users\qk user2\.katalon\packages\KSE-10.4.2\plugins\javax.mail-api_1.6.2.jar;C:\Users\qk user2\.katalon\packages\KSE-10.4.2\plugins\com.googlecode.libphonenumber_8.11.1.jar;C:\Users\qk user2\.katalon\packages\KSE-10.4.2\plugins\com.google.guava.failureaccess_1.0.3.jar;C:\Users\qk user2\.katalon\packages\KSE-10.4.2\plugins\io.swagger.parser.v3.swagger-parser_2.1.16.jar;C:\Users\qk user2\.katalon\packages\KSE-10.4.2\plugins\io.swagger.parser.v3.swagger-parser-v3_2.1.16.jar;C:\Users\qk user2\.katalon\packages\KSE-10.4.2\plugins\io.swagger.parser_1.0.67.jar;C:\Users\qk user2\.katalon\packages\KSE-10.4.2\plugins\com.narupley.not-going-to-be-commons-ssl_0.3.20.jar;C:\Users\qk user2\.katalon\packages\KSE-10.4.2\plugins\com.kms.katalon.core.windows_1.0.0.202511190132.jar;C:\Users\qk user2\.katalon\packages\KSE-10.4.2\plugins\net.lingala.zip4j_2.11.5.jar;C:\Users\qk user2\.katalon\packages\KSE-10.4.2\plugins\com.kms.katalon.core.testng_1.0.0.202511190132.jar;C:\Users\qk user2\.katalon\packages\KSE-10.4.2\plugins\org.testng_7.8.0.jar;C:\Users\qk user2\.katalon\packages\KSE-10.4.2\plugins\com.beust.jcommander_1.82.0.jar;C:\Users\qk user2\.katalon\packages\KSE-10.4.2\plugins\org.codehaus.groovy_3.0.23.v202501010125-e2412\lib\groovy-3.0.23-indy.jar;C:\Users\qk user2\.katalon\packages\KSE-10.4.2\plugins\org.codehaus.groovy_3.0.23.v202501010125-e2412\lib\ivy-2.5.2.jar --main groovy.ui.GroovyMain --encoding UTF-8 --indy E:\Death_Claim_Automation\Libs\TempTestCaseBinding1777447789214.groovy

Host: Intel(R) Xeon(R) Gold 6132 CPU @ 2.60GHz, 4 cores, 15G,  Windows Server 2022 , 64 bit Build 20348 (10.0.20348.3692)
Time: Wed Apr 29 13:02:14 2026 India Standard Time elapsed time: 143.810712 seconds (0d 0h 2m 23s)

---------------  T H R E A D  ---------------

Current thread (0x00000240f84fa470):  JavaThread "C2 CompilerThread0" daemon [_thread_in_native, id=208736, stack(0x000000af54a00000,0x000000af54b00000)]


Current CompileTask:
C2: 143810 12723       4       org.apache.groovy.parser.antlr4.util.PositionConfigureUtils::configureAST (39 bytes)

Stack: [0x000000af54a00000,0x000000af54b00000]
Native frames: (J=compiled Java code, j=interpreted, Vv=VM code, C=native code)
V  [jvm.dll+0x682eb9]
V  [jvm.dll+0x8399c8]
V  [jvm.dll+0x83b473]
V  [jvm.dll+0x83bae3]
V  [jvm.dll+0x24715f]
V  [jvm.dll+0xace44]
V  [jvm.dll+0xad4dc]
V  [jvm.dll+0x365b0f]
V  [jvm.dll+0x1ba873]
V  [jvm.dll+0x2182a7]
V  [jvm.dll+0x21758f]
V  [jvm.dll+0x1a3150]
V  [jvm.dll+0x22799c]
V  [jvm.dll+0x225afb]
V  [jvm.dll+0x7ef128]
V  [jvm.dll+0x7e948c]
V  [jvm.dll+0x681d97]
C  [ucrtbase.dll+0x26b4c]
C  [KERNEL32.DLL+0x14cb0]
C  [ntdll.dll+0x7edcb]


---------------  P R O C E S S  ---------------

Threads class SMR info:
_java_thread_list=0x0000024090689e20, length=32, elements={
0x00000240eddbaae0, 0x00000240f84aa110, 0x00000240f84ab750, 0x00000240f84f1280,
0x00000240f84f3c50, 0x00000240f84f5180, 0x00000240f84f7b50, 0x00000240f84fa470,
0x00000240f8502db0, 0x00000240f856ae70, 0x00000240f87b1ff0, 0x00000240fdafc340,
0x00000240907d63f0, 0x00000240907d7830, 0x00000240907d6e10, 0x00000240907d59d0,
0x00000240907d4fb0, 0x0000024090818400, 0x0000024090817ef0, 0x00000240908165a0,
0x00000240908179e0, 0x0000024090815b80, 0x0000024090813810, 0x0000024090818910,
0x0000024090811ec0, 0x00000240908123d0, 0x0000024090816090, 0x0000024090815160,
0x00000240908114a0, 0x00000240f86a9e10, 0x00000240908119b0, 0x00000240908174d0
}

Java Threads: ( => current thread )
  0x00000240eddbaae0 JavaThread "Forwarding quit on session 3c65e3c103de7897853fa270e8f68e8b to remote" [_thread_blocked, id=195600, stack(0x000000af53d00000,0x000000af53e00000)]
  0x00000240f84aa110 JavaThread "Reference Handler" daemon [_thread_blocked, id=207788, stack(0x000000af54400000,0x000000af54500000)]
  0x00000240f84ab750 JavaThread "Finalizer" daemon [_thread_blocked, id=208356, stack(0x000000af54500000,0x000000af54600000)]
  0x00000240f84f1280 JavaThread "Signal Dispatcher" daemon [_thread_blocked, id=170908, stack(0x000000af54600000,0x000000af54700000)]
  0x00000240f84f3c50 JavaThread "Attach Listener" daemon [_thread_blocked, id=208464, stack(0x000000af54700000,0x000000af54800000)]
  0x00000240f84f5180 JavaThread "Service Thread" daemon [_thread_blocked, id=178804, stack(0x000000af54800000,0x000000af54900000)]
  0x00000240f84f7b50 JavaThread "Monitor Deflation Thread" daemon [_thread_blocked, id=208752, stack(0x000000af54900000,0x000000af54a00000)]
=>0x00000240f84fa470 JavaThread "C2 CompilerThread0" daemon [_thread_in_native, id=208736, stack(0x000000af54a00000,0x000000af54b00000)]
  0x00000240f8502db0 JavaThread "C1 CompilerThread0" daemon [_thread_blocked, id=207656, stack(0x000000af54b00000,0x000000af54c00000)]
  0x00000240f856ae70 JavaThread "Sweeper thread" daemon [_thread_blocked, id=199912, stack(0x000000af54c00000,0x000000af54d00000)]
  0x00000240f87b1ff0 JavaThread "Common-Cleaner" daemon [_thread_blocked, id=209376, stack(0x000000af54d00000,0x000000af54e00000)]
  0x00000240fdafc340 JavaThread "Notification Thread" daemon [_thread_blocked, id=209136, stack(0x000000af55100000,0x000000af55200000)]
  0x00000240907d63f0 JavaThread "HttpClient-1-SelectorManager" daemon [_thread_in_native, id=206960, stack(0x000000af55600000,0x000000af55700000)]
  0x00000240907d7830 JavaThread "External Process Output Forwarder - C:\Users\qk user2\.cache\selenium\chromedriver\win64\147.0.7727.117\chromedriver.exe" daemon [_thread_in_native, id=209248, stack(0x000000af55700000,0x000000af55800000)]
  0x00000240907d6e10 JavaThread "Driver Service Executor" daemon [_thread_blocked, id=209236, stack(0x000000af55800000,0x000000af55900000)]
  0x00000240907d59d0 JavaThread "Driver Service Executor" daemon [_thread_blocked, id=208352, stack(0x000000af55900000,0x000000af55a00000)]
  0x00000240907d4fb0 JavaThread "CompletableFutureDelayScheduler" daemon [_thread_blocked, id=208988, stack(0x000000af55e00000,0x000000af55f00000)]
  0x0000024090818400 JavaThread "HttpClient-2-SelectorManager" daemon [_thread_in_native, id=187352, stack(0x000000af55300000,0x000000af55400000)]
  0x0000024090817ef0 JavaThread "UrlChecker-3" daemon [_thread_blocked, id=209204, stack(0x000000af56000000,0x000000af56100000)]
  0x00000240908165a0 JavaThread "HttpClient-5-SelectorManager" daemon [_thread_in_native, id=209268, stack(0x000000af53b00000,0x000000af53c00000)]
  0x00000240908179e0 JavaThread "External Process Output Forwarder - C:\Users\qk user2\.cache\selenium\chromedriver\win64\147.0.7727.117\chromedriver.exe" daemon [_thread_in_native, id=209328, stack(0x000000af55c00000,0x000000af55d00000)]
  0x0000024090815b80 JavaThread "Driver Service Executor" daemon [_thread_blocked, id=209460, stack(0x000000af55d00000,0x000000af55e00000)]
  0x0000024090813810 JavaThread "Driver Service Executor" daemon [_thread_blocked, id=209244, stack(0x000000af55f00000,0x000000af56000000)]
  0x0000024090818910 JavaThread "JdkHttpClient-4-0" daemon [_thread_blocked, id=208104, stack(0x000000af56200000,0x000000af56300000)]
  0x0000024090811ec0 JavaThread "JdkHttpClient-4-1" daemon [_thread_blocked, id=208188, stack(0x000000af56300000,0x000000af56400000)]
  0x00000240908123d0 JavaThread "JdkHttpClient-4-2" daemon [_thread_blocked, id=208556, stack(0x000000af56400000,0x000000af56500000)]
  0x0000024090816090 JavaThread "ForkJoinPool.commonPool-worker-2" daemon [_thread_blocked, id=203748, stack(0x000000af53a00000,0x000000af53b00000)]
  0x0000024090815160 JavaThread "HttpClient-6-SelectorManager" daemon [_thread_in_native, id=188916, stack(0x000000af56500000,0x000000af56600000)]
  0x00000240908114a0 JavaThread "JdkHttpClient-4-3" daemon [_thread_blocked, id=207320, stack(0x000000af53900000,0x000000af53a00000)]
  0x00000240f86a9e10 JavaThread "C2 CompilerThread1" daemon [_thread_blocked, id=206904, stack(0x000000af56100000,0x000000af56200000)]
  0x00000240908119b0 JavaThread "Driver Command Executor" daemon [_thread_blocked, id=207008, stack(0x000000af56a00000,0x000000af56b00000)]
  0x00000240908174d0 JavaThread "Driver Command Executor" daemon [_thread_in_native, id=182188, stack(0x000000af56b00000,0x000000af56c00000)]

Other Threads:
  0x00000240f40ce1d0 VMThread "VM Thread" [stack: 0x000000af54300000,0x000000af54400000] [id=208952]
  0x00000240eddbafd0 WatcherThread [stack: 0x000000af55200000,0x000000af55300000] [id=187516]
  0x00000240eddeeac0 GCTaskThread "GC Thread#0" [stack: 0x000000af53e00000,0x000000af53f00000] [id=201052]
  0x00000240fd023020 GCTaskThread "GC Thread#1" [stack: 0x000000af54e00000,0x000000af54f00000] [id=209444]
  0x00000240fd0232e0 GCTaskThread "GC Thread#2" [stack: 0x000000af54f00000,0x000000af55000000] [id=201956]
  0x00000240fd61c1e0 GCTaskThread "GC Thread#3" [stack: 0x000000af55000000,0x000000af55100000] [id=209412]
  0x00000240f3f11000 ConcurrentGCThread "G1 Main Marker" [stack: 0x000000af53f00000,0x000000af54000000] [id=178076]
  0x00000240f3f11a20 ConcurrentGCThread "G1 Conc#0" [stack: 0x000000af54000000,0x000000af54100000] [id=204516]
  0x00000240f3fd0d80 ConcurrentGCThread "G1 Refine#0" [stack: 0x000000af54100000,0x000000af54200000] [id=208524]
  0x00000240f3fd2660 ConcurrentGCThread "G1 Service" [stack: 0x000000af54200000,0x000000af54300000] [id=208956]

Threads with active compile tasks:
C2 CompilerThread0   143889 12723       4       org.apache.groovy.parser.antlr4.util.PositionConfigureUtils::configureAST (39 bytes)

VM state: not at safepoint (normal execution)

VM Mutex/Monitor currently owned by a thread: None

Heap address: 0x0000000080000000, size: 2048 MB, Compressed Oops mode: 32-bit

CDS archive(s) not mapped
Compressed class space mapped at: 0x0000000100000000-0x0000000140000000, reserved size: 1073741824
Narrow klass base: 0x0000000000000000, Narrow klass shift: 3, Narrow klass range: 0x140000000

GC Precious Log:
 CPUs: 4 total, 4 available
 Memory: 16383M
 Large Page Support: Disabled
 NUMA Support: Disabled
 Compressed Oops: Enabled (32-bit)
 Heap Region Size: 1M
 Heap Min Capacity: 8M
 Heap Initial Capacity: 256M
 Heap Max Capacity: 2G
 Pre-touch: Disabled
 Parallel Workers: 4
 Concurrent Workers: 1
 Concurrent Refinement Workers: 4
 Periodic GC: Disabled

Heap:
 garbage-first heap   total 225280K, used 141479K [0x0000000080000000, 0x0000000100000000)
  region size 1024K, 94 young (96256K), 5 survivors (5120K)
 Metaspace       used 63160K, committed 64064K, reserved 1114112K
  class space    used 6941K, committed 7360K, reserved 1048576K

Heap Regions: E=young(eden), S=young(survivor), O=old, HS=humongous(starts), HC=humongous(continues), CS=collection set, F=free, OA=open archive, CA=closed archive, TAMS=top-at-mark-start (previous, next)
|   0|0x0000000080000000, 0x0000000080100000, 0x0000000080100000|100%|HS|  |TAMS 0x0000000080100000, 0x0000000080000000| Complete 
|   1|0x0000000080100000, 0x0000000080200000, 0x0000000080200000|100%|HS|  |TAMS 0x0000000080200000, 0x0000000080100000| Complete 
|   2|0x0000000080200000, 0x0000000080300000, 0x0000000080300000|100%| O|  |TAMS 0x0000000080300000, 0x0000000080200000| Untracked 
|   3|0x0000000080300000, 0x0000000080400000, 0x0000000080400000|100%| O|  |TAMS 0x0000000080400000, 0x0000000080300000| Untracked 
|   4|0x0000000080400000, 0x0000000080500000, 0x0000000080500000|100%| O|  |TAMS 0x0000000080500000, 0x0000000080400000| Untracked 
|   5|0x0000000080500000, 0x0000000080600000, 0x0000000080600000|100%| O|  |TAMS 0x0000000080600000, 0x0000000080500000| Untracked 
|   6|0x0000000080600000, 0x0000000080700000, 0x0000000080700000|100%| O|  |TAMS 0x0000000080700000, 0x0000000080600000| Untracked 
|   7|0x0000000080700000, 0x0000000080800000, 0x0000000080800000|100%| O|  |TAMS 0x0000000080800000, 0x0000000080700000| Untracked 
|   8|0x0000000080800000, 0x0000000080900000, 0x0000000080900000|100%| O|  |TAMS 0x0000000080900000, 0x0000000080800000| Untracked 
|   9|0x0000000080900000, 0x0000000080a00000, 0x0000000080a00000|100%| O|  |TAMS 0x0000000080a00000, 0x0000000080900000| Untracked 
|  10|0x0000000080a00000, 0x0000000080b00000, 0x0000000080b00000|100%| O|  |TAMS 0x0000000080b00000, 0x0000000080a00000| Untracked 
|  11|0x0000000080b00000, 0x0000000080c00000, 0x0000000080c00000|100%| O|  |TAMS 0x0000000080c00000, 0x0000000080b00000| Untracked 
|  12|0x0000000080c00000, 0x0000000080d00000, 0x0000000080d00000|100%| O|  |TAMS 0x0000000080d00000, 0x0000000080c00000| Untracked 
|  13|0x0000000080d00000, 0x0000000080e00000, 0x0000000080e00000|100%| O|  |TAMS 0x0000000080e00000, 0x0000000080d00000| Untracked 
|  14|0x0000000080e00000, 0x0000000080f00000, 0x0000000080f00000|100%| O|  |TAMS 0x0000000080f00000, 0x0000000080e00000| Untracked 
|  15|0x0000000080f00000, 0x0000000080fb5c00, 0x0000000081000000| 70%| O|  |TAMS 0x0000000080fb5c00, 0x0000000080f00000| Untracked 
|  16|0x0000000081000000, 0x0000000081100000, 0x0000000081100000|100%| O|  |TAMS 0x0000000081100000, 0x0000000081000000| Untracked 
|  17|0x0000000081100000, 0x0000000081200000, 0x0000000081200000|100%| O|  |TAMS 0x0000000081200000, 0x0000000081100000| Untracked 
|  18|0x0000000081200000, 0x0000000081300000, 0x0000000081300000|100%| O|  |TAMS 0x0000000081300000, 0x0000000081200000| Untracked 
|  19|0x0000000081300000, 0x0000000081400000, 0x0000000081400000|100%| O|  |TAMS 0x0000000081400000, 0x0000000081300000| Untracked 
|  20|0x0000000081400000, 0x0000000081500000, 0x0000000081500000|100%| O|  |TAMS 0x0000000081500000, 0x0000000081400000| Untracked 
|  21|0x0000000081500000, 0x000000008150d600, 0x0000000081600000|  5%| O|  |TAMS 0x0000000081500000, 0x0000000081500000| Untracked 
|  22|0x0000000081600000, 0x0000000081700000, 0x0000000081700000|100%| O|  |TAMS 0x0000000081700000, 0x0000000081600000| Untracked 
|  23|0x0000000081700000, 0x00000000817caa00, 0x0000000081800000| 79%| O|  |TAMS 0x00000000817caa00, 0x0000000081700000| Untracked 
|  24|0x0000000081800000, 0x0000000081900000, 0x0000000081900000|100%| O|  |TAMS 0x0000000081900000, 0x0000000081800000| Untracked 
|  25|0x0000000081900000, 0x0000000081a00000, 0x0000000081a00000|100%| O|  |TAMS 0x0000000081a00000, 0x0000000081900000| Untracked 
|  26|0x0000000081a00000, 0x0000000081b00000, 0x0000000081b00000|100%| O|  |TAMS 0x0000000081b00000, 0x0000000081a00000| Untracked 
|  27|0x0000000081b00000, 0x0000000081c00000, 0x0000000081c00000|100%| O|  |TAMS 0x0000000081c00000, 0x0000000081b00000| Untracked 
|  28|0x0000000081c00000, 0x0000000081d00000, 0x0000000081d00000|100%| O|  |TAMS 0x0000000081d00000, 0x0000000081c00000| Untracked 
|  29|0x0000000081d00000, 0x0000000081e00000, 0x0000000081e00000|100%| O|  |TAMS 0x0000000081e00000, 0x0000000081d00000| Untracked 
|  30|0x0000000081e00000, 0x0000000081f00000, 0x0000000081f00000|100%| O|  |TAMS 0x0000000081f00000, 0x0000000081e00000| Untracked 
|  31|0x0000000081f00000, 0x0000000082000000, 0x0000000082000000|100%| O|  |TAMS 0x0000000082000000, 0x0000000081f00000| Untracked 
|  32|0x0000000082000000, 0x0000000082100000, 0x0000000082100000|100%| O|  |TAMS 0x0000000082100000, 0x0000000082000000| Untracked 
|  33|0x0000000082100000, 0x0000000082200000, 0x0000000082200000|100%| O|  |TAMS 0x0000000082200000, 0x0000000082100000| Untracked 
|  34|0x0000000082200000, 0x0000000082300000, 0x0000000082300000|100%| O|  |TAMS 0x0000000082300000, 0x0000000082200000| Untracked 
|  35|0x0000000082300000, 0x0000000082400000, 0x0000000082400000|100%| O|  |TAMS 0x0000000082400000, 0x0000000082300000| Untracked 
|  36|0x0000000082400000, 0x0000000082500000, 0x0000000082500000|100%| O|  |TAMS 0x0000000082500000, 0x0000000082400000| Untracked 
|  37|0x0000000082500000, 0x0000000082600000, 0x0000000082600000|100%| O|  |TAMS 0x0000000082600000, 0x0000000082500000| Untracked 
|  38|0x0000000082600000, 0x0000000082700000, 0x0000000082700000|100%| O|  |TAMS 0x0000000082700000, 0x0000000082600000| Untracked 
|  39|0x0000000082700000, 0x0000000082800000, 0x0000000082800000|100%| O|  |TAMS 0x0000000082800000, 0x0000000082700000| Untracked 
|  40|0x0000000082800000, 0x0000000082900000, 0x0000000082900000|100%| O|  |TAMS 0x0000000082900000, 0x0000000082800000| Untracked 
|  41|0x0000000082900000, 0x0000000082a00000, 0x0000000082a00000|100%| O|  |TAMS 0x0000000082a00000, 0x0000000082900000| Untracked 
|  42|0x0000000082a00000, 0x0000000082b00000, 0x0000000082b00000|100%| O|  |TAMS 0x0000000082b00000, 0x0000000082a00000| Untracked 
|  43|0x0000000082b00000, 0x0000000082c00000, 0x0000000082c00000|100%| O|  |TAMS 0x0000000082c00000, 0x0000000082b00000| Untracked 
|  44|0x0000000082c00000, 0x0000000082d00000, 0x0000000082d00000|100%| O|  |TAMS 0x0000000082c65400, 0x0000000082c00000| Untracked 
|  45|0x0000000082d00000, 0x0000000082e00000, 0x0000000082e00000|100%| O|  |TAMS 0x0000000082d00000, 0x0000000082d00000| Untracked 
|  46|0x0000000082e00000, 0x0000000082f00000, 0x0000000082f00000|100%| O|  |TAMS 0x0000000082e00000, 0x0000000082e00000| Untracked 
|  47|0x0000000082f00000, 0x0000000082f00000, 0x0000000083000000|  0%| F|  |TAMS 0x0000000082f00000, 0x0000000082f00000| Untracked 
|  48|0x0000000083000000, 0x0000000083000000, 0x0000000083100000|  0%| F|  |TAMS 0x0000000083000000, 0x0000000083000000| Untracked 
|  49|0x0000000083100000, 0x0000000083100000, 0x0000000083200000|  0%| F|  |TAMS 0x0000000083100000, 0x0000000083100000| Untracked 
|  50|0x0000000083200000, 0x0000000083200000, 0x0000000083300000|  0%| F|  |TAMS 0x0000000083200000, 0x0000000083200000| Untracked 
|  51|0x0000000083300000, 0x0000000083300000, 0x0000000083400000|  0%| F|  |TAMS 0x0000000083300000, 0x0000000083300000| Untracked 
|  52|0x0000000083400000, 0x0000000083400000, 0x0000000083500000|  0%| F|  |TAMS 0x0000000083400000, 0x0000000083400000| Untracked 
|  53|0x0000000083500000, 0x0000000083500000, 0x0000000083600000|  0%| F|  |TAMS 0x0000000083500000, 0x0000000083500000| Untracked 
|  54|0x0000000083600000, 0x0000000083600000, 0x0000000083700000|  0%| F|  |TAMS 0x0000000083600000, 0x0000000083600000| Untracked 
|  55|0x0000000083700000, 0x0000000083700000, 0x0000000083800000|  0%| F|  |TAMS 0x0000000083700000, 0x0000000083700000| Untracked 
|  56|0x0000000083800000, 0x0000000083800000, 0x0000000083900000|  0%| F|  |TAMS 0x0000000083800000, 0x0000000083800000| Untracked 
|  57|0x0000000083900000, 0x0000000083900000, 0x0000000083a00000|  0%| F|  |TAMS 0x0000000083900000, 0x0000000083900000| Untracked 
|  58|0x0000000083a00000, 0x0000000083a00000, 0x0000000083b00000|  0%| F|  |TAMS 0x0000000083a00000, 0x0000000083a00000| Untracked 
|  59|0x0000000083b00000, 0x0000000083b00000, 0x0000000083c00000|  0%| F|  |TAMS 0x0000000083b00000, 0x0000000083b00000| Untracked 
|  60|0x0000000083c00000, 0x0000000083c00000, 0x0000000083d00000|  0%| F|  |TAMS 0x0000000083c00000, 0x0000000083c00000| Untracked 
|  61|0x0000000083d00000, 0x0000000083d00000, 0x0000000083e00000|  0%| F|  |TAMS 0x0000000083d00000, 0x0000000083d00000| Untracked 
|  62|0x0000000083e00000, 0x0000000083e00000, 0x0000000083f00000|  0%| F|  |TAMS 0x0000000083e00000, 0x0000000083e00000| Untracked 
|  63|0x0000000083f00000, 0x0000000083f00000, 0x0000000084000000|  0%| F|  |TAMS 0x0000000083f00000, 0x0000000083f00000| Untracked 
|  64|0x0000000084000000, 0x0000000084000000, 0x0000000084100000|  0%| F|  |TAMS 0x0000000084000000, 0x0000000084000000| Untracked 
|  65|0x0000000084100000, 0x0000000084100000, 0x0000000084200000|  0%| F|  |TAMS 0x0000000084100000, 0x0000000084100000| Untracked 
|  66|0x0000000084200000, 0x0000000084200000, 0x0000000084300000|  0%| F|  |TAMS 0x0000000084200000, 0x0000000084200000| Untracked 
|  67|0x0000000084300000, 0x0000000084300000, 0x0000000084400000|  0%| F|  |TAMS 0x0000000084300000, 0x0000000084300000| Untracked 
|  68|0x0000000084400000, 0x0000000084400000, 0x0000000084500000|  0%| F|  |TAMS 0x0000000084400000, 0x0000000084400000| Untracked 
|  69|0x0000000084500000, 0x0000000084500000, 0x0000000084600000|  0%| F|  |TAMS 0x0000000084500000, 0x0000000084500000| Untracked 
|  70|0x0000000084600000, 0x0000000084600000, 0x0000000084700000|  0%| F|  |TAMS 0x0000000084600000, 0x0000000084600000| Untracked 
|  71|0x0000000084700000, 0x0000000084700000, 0x0000000084800000|  0%| F|  |TAMS 0x0000000084700000, 0x0000000084700000| Untracked 
|  72|0x0000000084800000, 0x0000000084800000, 0x0000000084900000|  0%| F|  |TAMS 0x0000000084800000, 0x0000000084800000| Untracked 
|  73|0x0000000084900000, 0x0000000084900000, 0x0000000084a00000|  0%| F|  |TAMS 0x0000000084900000, 0x0000000084900000| Untracked 
|  74|0x0000000084a00000, 0x0000000084a00000, 0x0000000084b00000|  0%| F|  |TAMS 0x0000000084a00000, 0x0000000084a00000| Untracked 
|  75|0x0000000084b00000, 0x0000000084b00000, 0x0000000084c00000|  0%| F|  |TAMS 0x0000000084b00000, 0x0000000084b00000| Untracked 
|  76|0x0000000084c00000, 0x0000000084c00000, 0x0000000084d00000|  0%| F|  |TAMS 0x0000000084c00000, 0x0000000084c00000| Untracked 
|  77|0x0000000084d00000, 0x0000000084d00000, 0x0000000084e00000|  0%| F|  |TAMS 0x0000000084d00000, 0x0000000084d00000| Untracked 
|  78|0x0000000084e00000, 0x0000000084e00000, 0x0000000084f00000|  0%| F|  |TAMS 0x0000000084e00000, 0x0000000084e00000| Untracked 
|  79|0x0000000084f00000, 0x0000000084f00000, 0x0000000085000000|  0%| F|  |TAMS 0x0000000084f00000, 0x0000000084f00000| Untracked 
|  80|0x0000000085000000, 0x0000000085000000, 0x0000000085100000|  0%| F|  |TAMS 0x0000000085000000, 0x0000000085000000| Untracked 
|  81|0x0000000085100000, 0x0000000085100000, 0x0000000085200000|  0%| F|  |TAMS 0x0000000085100000, 0x0000000085100000| Untracked 
|  82|0x0000000085200000, 0x0000000085200000, 0x0000000085300000|  0%| F|  |TAMS 0x0000000085200000, 0x0000000085200000| Untracked 
|  83|0x0000000085300000, 0x0000000085300000, 0x0000000085400000|  0%| F|  |TAMS 0x0000000085300000, 0x0000000085300000| Untracked 
|  84|0x0000000085400000, 0x0000000085400000, 0x0000000085500000|  0%| F|  |TAMS 0x0000000085400000, 0x0000000085400000| Untracked 
|  85|0x0000000085500000, 0x0000000085500000, 0x0000000085600000|  0%| F|  |TAMS 0x0000000085500000, 0x0000000085500000| Untracked 
|  86|0x0000000085600000, 0x0000000085600000, 0x0000000085700000|  0%| F|  |TAMS 0x0000000085600000, 0x0000000085600000| Untracked 
|  87|0x0000000085700000, 0x000000008579c2a0, 0x0000000085800000| 61%| S|CS|TAMS 0x0000000085700000, 0x0000000085700000| Complete 
|  88|0x0000000085800000, 0x0000000085800000, 0x0000000085900000|  0%| F|  |TAMS 0x0000000085800000, 0x0000000085800000| Untracked 
|  89|0x0000000085900000, 0x0000000085a00000, 0x0000000085a00000|100%| S|CS|TAMS 0x0000000085900000, 0x0000000085900000| Complete 
|  90|0x0000000085a00000, 0x0000000085b00000, 0x0000000085b00000|100%| S|CS|TAMS 0x0000000085a00000, 0x0000000085a00000| Complete 
|  91|0x0000000085b00000, 0x0000000085c00000, 0x0000000085c00000|100%| S|CS|TAMS 0x0000000085b00000, 0x0000000085b00000| Complete 
|  92|0x0000000085c00000, 0x0000000085d00000, 0x0000000085d00000|100%| S|CS|TAMS 0x0000000085c00000, 0x0000000085c00000| Complete 
|  93|0x0000000085d00000, 0x0000000085d00000, 0x0000000085e00000|  0%| F|  |TAMS 0x0000000085d00000, 0x0000000085d00000| Untracked 
|  94|0x0000000085e00000, 0x0000000085e00000, 0x0000000085f00000|  0%| F|  |TAMS 0x0000000085e00000, 0x0000000085e00000| Untracked 
|  95|0x0000000085f00000, 0x0000000085f00000, 0x0000000086000000|  0%| F|  |TAMS 0x0000000085f00000, 0x0000000085f00000| Untracked 
|  96|0x0000000086000000, 0x0000000086000000, 0x0000000086100000|  0%| F|  |TAMS 0x0000000086000000, 0x0000000086000000| Untracked 
|  97|0x0000000086100000, 0x0000000086100000, 0x0000000086200000|  0%| F|  |TAMS 0x0000000086100000, 0x0000000086100000| Untracked 
|  98|0x0000000086200000, 0x0000000086200000, 0x0000000086300000|  0%| F|  |TAMS 0x0000000086200000, 0x0000000086200000| Untracked 
|  99|0x0000000086300000, 0x0000000086300000, 0x0000000086400000|  0%| F|  |TAMS 0x0000000086300000, 0x0000000086300000| Untracked 
| 100|0x0000000086400000, 0x0000000086400000, 0x0000000086500000|  0%| F|  |TAMS 0x0000000086400000, 0x0000000086400000| Untracked 
| 101|0x0000000086500000, 0x0000000086500000, 0x0000000086600000|  0%| F|  |TAMS 0x0000000086500000, 0x0000000086500000| Untracked 
| 102|0x0000000086600000, 0x0000000086600000, 0x0000000086700000|  0%| F|  |TAMS 0x0000000086600000, 0x0000000086600000| Untracked 
| 103|0x0000000086700000, 0x0000000086700000, 0x0000000086800000|  0%| F|  |TAMS 0x0000000086700000, 0x0000000086700000| Untracked 
| 104|0x0000000086800000, 0x0000000086800000, 0x0000000086900000|  0%| F|  |TAMS 0x0000000086800000, 0x0000000086800000| Untracked 
| 105|0x0000000086900000, 0x0000000086900000, 0x0000000086a00000|  0%| F|  |TAMS 0x0000000086900000, 0x0000000086900000| Untracked 
| 106|0x0000000086a00000, 0x0000000086a00000, 0x0000000086b00000|  0%| F|  |TAMS 0x0000000086a00000, 0x0000000086a00000| Untracked 
| 107|0x0000000086b00000, 0x0000000086b00000, 0x0000000086c00000|  0%| F|  |TAMS 0x0000000086b00000, 0x0000000086b00000| Untracked 
| 108|0x0000000086c00000, 0x0000000086c00000, 0x0000000086d00000|  0%| F|  |TAMS 0x0000000086c00000, 0x0000000086c00000| Untracked 
| 109|0x0000000086d00000, 0x0000000086d00000, 0x0000000086e00000|  0%| F|  |TAMS 0x0000000086d00000, 0x0000000086d00000| Untracked 
| 110|0x0000000086e00000, 0x0000000086e00000, 0x0000000086f00000|  0%| F|  |TAMS 0x0000000086e00000, 0x0000000086e00000| Untracked 
| 111|0x0000000086f00000, 0x0000000086f00000, 0x0000000087000000|  0%| F|  |TAMS 0x0000000086f00000, 0x0000000086f00000| Untracked 
| 112|0x0000000087000000, 0x0000000087000000, 0x0000000087100000|  0%| F|  |TAMS 0x0000000087000000, 0x0000000087000000| Untracked 
| 113|0x0000000087100000, 0x0000000087100000, 0x0000000087200000|  0%| F|  |TAMS 0x0000000087100000, 0x0000000087100000| Untracked 
| 114|0x0000000087200000, 0x0000000087200000, 0x0000000087300000|  0%| F|  |TAMS 0x0000000087200000, 0x0000000087200000| Untracked 
| 115|0x0000000087300000, 0x0000000087300000, 0x0000000087400000|  0%| F|  |TAMS 0x0000000087300000, 0x0000000087300000| Untracked 
| 116|0x0000000087400000, 0x0000000087400000, 0x0000000087500000|  0%| F|  |TAMS 0x0000000087400000, 0x0000000087400000| Untracked 
| 117|0x0000000087500000, 0x0000000087500000, 0x0000000087600000|  0%| F|  |TAMS 0x0000000087500000, 0x0000000087500000| Untracked 
| 118|0x0000000087600000, 0x0000000087600000, 0x0000000087700000|  0%| F|  |TAMS 0x0000000087600000, 0x0000000087600000| Untracked 
| 119|0x0000000087700000, 0x0000000087700000, 0x0000000087800000|  0%| F|  |TAMS 0x0000000087700000, 0x0000000087700000| Untracked 
| 120|0x0000000087800000, 0x0000000087800000, 0x0000000087900000|  0%| F|  |TAMS 0x0000000087800000, 0x0000000087800000| Untracked 
| 121|0x0000000087900000, 0x0000000087900000, 0x0000000087a00000|  0%| F|  |TAMS 0x0000000087900000, 0x0000000087900000| Untracked 
| 122|0x0000000087a00000, 0x0000000087a00000, 0x0000000087b00000|  0%| F|  |TAMS 0x0000000087a00000, 0x0000000087a00000| Untracked 
| 123|0x0000000087b00000, 0x0000000087b00000, 0x0000000087c00000|  0%| F|  |TAMS 0x0000000087b00000, 0x0000000087b00000| Untracked 
| 124|0x0000000087c00000, 0x0000000087c00000, 0x0000000087d00000|  0%| F|  |TAMS 0x0000000087c00000, 0x0000000087c00000| Untracked 
| 125|0x0000000087d00000, 0x0000000087d00000, 0x0000000087e00000|  0%| F|  |TAMS 0x0000000087d00000, 0x0000000087d00000| Untracked 
| 126|0x0000000087e00000, 0x0000000087e00000, 0x0000000087f00000|  0%| F|  |TAMS 0x0000000087e00000, 0x0000000087e00000| Untracked 
| 127|0x0000000087f00000, 0x0000000087f00000, 0x0000000088000000|  0%| F|  |TAMS 0x0000000087f00000, 0x0000000087f00000| Untracked 
| 128|0x0000000088000000, 0x0000000088000000, 0x0000000088100000|  0%| F|  |TAMS 0x0000000088000000, 0x0000000088000000| Untracked 
| 129|0x0000000088100000, 0x0000000088100000, 0x0000000088200000|  0%| F|  |TAMS 0x0000000088100000, 0x0000000088100000| Untracked 
| 130|0x0000000088200000, 0x0000000088200000, 0x0000000088300000|  0%| F|  |TAMS 0x0000000088200000, 0x0000000088200000| Untracked 
| 131|0x0000000088300000, 0x0000000088367a38, 0x0000000088400000| 40%| E|  |TAMS 0x0000000088300000, 0x0000000088300000| Complete 
| 132|0x0000000088400000, 0x0000000088500000, 0x0000000088500000|100%| E|CS|TAMS 0x0000000088400000, 0x0000000088400000| Complete 
| 133|0x0000000088500000, 0x0000000088600000, 0x0000000088600000|100%| E|CS|TAMS 0x0000000088500000, 0x0000000088500000| Complete 
| 134|0x0000000088600000, 0x0000000088700000, 0x0000000088700000|100%| E|CS|TAMS 0x0000000088600000, 0x0000000088600000| Complete 
| 135|0x0000000088700000, 0x0000000088800000, 0x0000000088800000|100%| E|CS|TAMS 0x0000000088700000, 0x0000000088700000| Complete 
| 136|0x0000000088800000, 0x0000000088900000, 0x0000000088900000|100%| E|CS|TAMS 0x0000000088800000, 0x0000000088800000| Complete 
| 137|0x0000000088900000, 0x0000000088a00000, 0x0000000088a00000|100%| E|CS|TAMS 0x0000000088900000, 0x0000000088900000| Complete 
| 138|0x0000000088a00000, 0x0000000088b00000, 0x0000000088b00000|100%| E|CS|TAMS 0x0000000088a00000, 0x0000000088a00000| Complete 
| 139|0x0000000088b00000, 0x0000000088c00000, 0x0000000088c00000|100%| E|CS|TAMS 0x0000000088b00000, 0x0000000088b00000| Complete 
| 140|0x0000000088c00000, 0x0000000088d00000, 0x0000000088d00000|100%| E|CS|TAMS 0x0000000088c00000, 0x0000000088c00000| Complete 
| 141|0x0000000088d00000, 0x0000000088e00000, 0x0000000088e00000|100%| E|CS|TAMS 0x0000000088d00000, 0x0000000088d00000| Complete 
| 142|0x0000000088e00000, 0x0000000088f00000, 0x0000000088f00000|100%| E|CS|TAMS 0x0000000088e00000, 0x0000000088e00000| Complete 
| 143|0x0000000088f00000, 0x0000000089000000, 0x0000000089000000|100%| E|CS|TAMS 0x0000000088f00000, 0x0000000088f00000| Complete 
| 144|0x0000000089000000, 0x0000000089100000, 0x0000000089100000|100%| E|CS|TAMS 0x0000000089000000, 0x0000000089000000| Complete 
| 145|0x0000000089100000, 0x0000000089200000, 0x0000000089200000|100%| E|CS|TAMS 0x0000000089100000, 0x0000000089100000| Complete 
| 146|0x0000000089200000, 0x0000000089300000, 0x0000000089300000|100%| E|CS|TAMS 0x0000000089200000, 0x0000000089200000| Complete 
| 147|0x0000000089300000, 0x0000000089400000, 0x0000000089400000|100%| E|CS|TAMS 0x0000000089300000, 0x0000000089300000| Complete 
| 148|0x0000000089400000, 0x0000000089500000, 0x0000000089500000|100%| E|CS|TAMS 0x0000000089400000, 0x0000000089400000| Complete 
| 149|0x0000000089500000, 0x0000000089600000, 0x0000000089600000|100%| E|CS|TAMS 0x0000000089500000, 0x0000000089500000| Complete 
| 150|0x0000000089600000, 0x0000000089700000, 0x0000000089700000|100%| E|CS|TAMS 0x0000000089600000, 0x0000000089600000| Complete 
| 151|0x0000000089700000, 0x0000000089800000, 0x0000000089800000|100%| E|CS|TAMS 0x0000000089700000, 0x0000000089700000| Complete 
| 152|0x0000000089800000, 0x0000000089900000, 0x0000000089900000|100%| E|CS|TAMS 0x0000000089800000, 0x0000000089800000| Complete 
| 153|0x0000000089900000, 0x0000000089a00000, 0x0000000089a00000|100%| E|CS|TAMS 0x0000000089900000, 0x0000000089900000| Complete 
| 154|0x0000000089a00000, 0x0000000089b00000, 0x0000000089b00000|100%| E|CS|TAMS 0x0000000089a00000, 0x0000000089a00000| Complete 
| 155|0x0000000089b00000, 0x0000000089c00000, 0x0000000089c00000|100%| E|CS|TAMS 0x0000000089b00000, 0x0000000089b00000| Complete 
| 156|0x0000000089c00000, 0x0000000089d00000, 0x0000000089d00000|100%| E|CS|TAMS 0x0000000089c00000, 0x0000000089c00000| Complete 
| 157|0x0000000089d00000, 0x0000000089e00000, 0x0000000089e00000|100%| E|CS|TAMS 0x0000000089d00000, 0x0000000089d00000| Complete 
| 158|0x0000000089e00000, 0x0000000089f00000, 0x0000000089f00000|100%| E|CS|TAMS 0x0000000089e00000, 0x0000000089e00000| Complete 
| 159|0x0000000089f00000, 0x000000008a000000, 0x000000008a000000|100%| E|CS|TAMS 0x0000000089f00000, 0x0000000089f00000| Complete 
| 160|0x000000008a000000, 0x000000008a100000, 0x000000008a100000|100%| E|CS|TAMS 0x000000008a000000, 0x000000008a000000| Complete 
| 161|0x000000008a100000, 0x000000008a200000, 0x000000008a200000|100%| E|CS|TAMS 0x000000008a100000, 0x000000008a100000| Complete 
| 162|0x000000008a200000, 0x000000008a300000, 0x000000008a300000|100%| E|CS|TAMS 0x000000008a200000, 0x000000008a200000| Complete 
| 163|0x000000008a300000, 0x000000008a400000, 0x000000008a400000|100%| E|CS|TAMS 0x000000008a300000, 0x000000008a300000| Complete 
| 164|0x000000008a400000, 0x000000008a500000, 0x000000008a500000|100%| E|CS|TAMS 0x000000008a400000, 0x000000008a400000| Complete 
| 165|0x000000008a500000, 0x000000008a600000, 0x000000008a600000|100%| E|CS|TAMS 0x000000008a500000, 0x000000008a500000| Complete 
| 166|0x000000008a600000, 0x000000008a700000, 0x000000008a700000|100%| E|CS|TAMS 0x000000008a600000, 0x000000008a600000| Complete 
| 167|0x000000008a700000, 0x000000008a800000, 0x000000008a800000|100%| E|CS|TAMS 0x000000008a700000, 0x000000008a700000| Complete 
| 168|0x000000008a800000, 0x000000008a900000, 0x000000008a900000|100%| E|CS|TAMS 0x000000008a800000, 0x000000008a800000| Complete 
| 169|0x000000008a900000, 0x000000008aa00000, 0x000000008aa00000|100%| E|CS|TAMS 0x000000008a900000, 0x000000008a900000| Complete 
| 170|0x000000008aa00000, 0x000000008ab00000, 0x000000008ab00000|100%| E|CS|TAMS 0x000000008aa00000, 0x000000008aa00000| Complete 
| 171|0x000000008ab00000, 0x000000008ac00000, 0x000000008ac00000|100%| E|CS|TAMS 0x000000008ab00000, 0x000000008ab00000| Complete 
| 172|0x000000008ac00000, 0x000000008ad00000, 0x000000008ad00000|100%| E|CS|TAMS 0x000000008ac00000, 0x000000008ac00000| Complete 
| 173|0x000000008ad00000, 0x000000008ae00000, 0x000000008ae00000|100%| E|CS|TAMS 0x000000008ad00000, 0x000000008ad00000| Complete 
| 174|0x000000008ae00000, 0x000000008af00000, 0x000000008af00000|100%| E|CS|TAMS 0x000000008ae00000, 0x000000008ae00000| Complete 
| 175|0x000000008af00000, 0x000000008b000000, 0x000000008b000000|100%| E|CS|TAMS 0x000000008af00000, 0x000000008af00000| Complete 
| 176|0x000000008b000000, 0x000000008b100000, 0x000000008b100000|100%| E|CS|TAMS 0x000000008b000000, 0x000000008b000000| Complete 
| 177|0x000000008b100000, 0x000000008b200000, 0x000000008b200000|100%| E|CS|TAMS 0x000000008b100000, 0x000000008b100000| Complete 
| 178|0x000000008b200000, 0x000000008b300000, 0x000000008b300000|100%| E|CS|TAMS 0x000000008b200000, 0x000000008b200000| Complete 
| 179|0x000000008b300000, 0x000000008b400000, 0x000000008b400000|100%| E|CS|TAMS 0x000000008b300000, 0x000000008b300000| Complete 
| 180|0x000000008b400000, 0x000000008b500000, 0x000000008b500000|100%| E|CS|TAMS 0x000000008b400000, 0x000000008b400000| Complete 
| 181|0x000000008b500000, 0x000000008b600000, 0x000000008b600000|100%| E|CS|TAMS 0x000000008b500000, 0x000000008b500000| Complete 
| 182|0x000000008b600000, 0x000000008b700000, 0x000000008b700000|100%| E|CS|TAMS 0x000000008b600000, 0x000000008b600000| Complete 
| 183|0x000000008b700000, 0x000000008b800000, 0x000000008b800000|100%| E|CS|TAMS 0x000000008b700000, 0x000000008b700000| Complete 
| 184|0x000000008b800000, 0x000000008b900000, 0x000000008b900000|100%| E|CS|TAMS 0x000000008b800000, 0x000000008b800000| Complete 
| 185|0x000000008b900000, 0x000000008ba00000, 0x000000008ba00000|100%| E|CS|TAMS 0x000000008b900000, 0x000000008b900000| Complete 
| 186|0x000000008ba00000, 0x000000008bb00000, 0x000000008bb00000|100%| E|CS|TAMS 0x000000008ba00000, 0x000000008ba00000| Complete 
| 187|0x000000008bb00000, 0x000000008bc00000, 0x000000008bc00000|100%| E|CS|TAMS 0x000000008bb00000, 0x000000008bb00000| Complete 
| 188|0x000000008bc00000, 0x000000008bd00000, 0x000000008bd00000|100%| E|CS|TAMS 0x000000008bc00000, 0x000000008bc00000| Complete 
| 189|0x000000008bd00000, 0x000000008be00000, 0x000000008be00000|100%| E|CS|TAMS 0x000000008bd00000, 0x000000008bd00000| Complete 
| 190|0x000000008be00000, 0x000000008bf00000, 0x000000008bf00000|100%| E|CS|TAMS 0x000000008be00000, 0x000000008be00000| Complete 
| 191|0x000000008bf00000, 0x000000008c000000, 0x000000008c000000|100%| E|CS|TAMS 0x000000008bf00000, 0x000000008bf00000| Complete 
| 192|0x000000008c000000, 0x000000008c100000, 0x000000008c100000|100%| E|CS|TAMS 0x000000008c000000, 0x000000008c000000| Complete 
| 193|0x000000008c100000, 0x000000008c200000, 0x000000008c200000|100%| E|CS|TAMS 0x000000008c100000, 0x000000008c100000| Complete 
| 194|0x000000008c200000, 0x000000008c300000, 0x000000008c300000|100%| E|CS|TAMS 0x000000008c200000, 0x000000008c200000| Complete 
| 195|0x000000008c300000, 0x000000008c400000, 0x000000008c400000|100%| E|CS|TAMS 0x000000008c300000, 0x000000008c300000| Complete 
| 196|0x000000008c400000, 0x000000008c500000, 0x000000008c500000|100%| E|CS|TAMS 0x000000008c400000, 0x000000008c400000| Complete 
| 197|0x000000008c500000, 0x000000008c600000, 0x000000008c600000|100%| E|CS|TAMS 0x000000008c500000, 0x000000008c500000| Complete 
| 198|0x000000008c600000, 0x000000008c700000, 0x000000008c700000|100%| E|CS|TAMS 0x000000008c600000, 0x000000008c600000| Complete 
| 199|0x000000008c700000, 0x000000008c800000, 0x000000008c800000|100%| E|CS|TAMS 0x000000008c700000, 0x000000008c700000| Complete 
| 200|0x000000008c800000, 0x000000008c900000, 0x000000008c900000|100%| E|CS|TAMS 0x000000008c800000, 0x000000008c800000| Complete 
| 201|0x000000008c900000, 0x000000008ca00000, 0x000000008ca00000|100%| E|CS|TAMS 0x000000008c900000, 0x000000008c900000| Complete 
| 202|0x000000008ca00000, 0x000000008cb00000, 0x000000008cb00000|100%| E|CS|TAMS 0x000000008ca00000, 0x000000008ca00000| Complete 
| 203|0x000000008cb00000, 0x000000008cc00000, 0x000000008cc00000|100%| E|CS|TAMS 0x000000008cb00000, 0x000000008cb00000| Complete 
| 204|0x000000008cc00000, 0x000000008cd00000, 0x000000008cd00000|100%| E|CS|TAMS 0x000000008cc00000, 0x000000008cc00000| Complete 
| 205|0x000000008cd00000, 0x000000008ce00000, 0x000000008ce00000|100%| E|CS|TAMS 0x000000008cd00000, 0x000000008cd00000| Complete 
| 206|0x000000008ce00000, 0x000000008cf00000, 0x000000008cf00000|100%| E|CS|TAMS 0x000000008ce00000, 0x000000008ce00000| Complete 
| 207|0x000000008cf00000, 0x000000008d000000, 0x000000008d000000|100%| E|CS|TAMS 0x000000008cf00000, 0x000000008cf00000| Complete 
| 208|0x000000008d000000, 0x000000008d100000, 0x000000008d100000|100%| E|CS|TAMS 0x000000008d000000, 0x000000008d000000| Complete 
| 209|0x000000008d100000, 0x000000008d200000, 0x000000008d200000|100%| E|CS|TAMS 0x000000008d100000, 0x000000008d100000| Complete 
| 210|0x000000008d200000, 0x000000008d300000, 0x000000008d300000|100%| E|CS|TAMS 0x000000008d200000, 0x000000008d200000| Complete 
| 211|0x000000008d300000, 0x000000008d400000, 0x000000008d400000|100%| E|CS|TAMS 0x000000008d300000, 0x000000008d300000| Complete 
| 212|0x000000008d400000, 0x000000008d500000, 0x000000008d500000|100%| E|CS|TAMS 0x000000008d400000, 0x000000008d400000| Complete 
| 213|0x000000008d500000, 0x000000008d600000, 0x000000008d600000|100%| E|CS|TAMS 0x000000008d500000, 0x000000008d500000| Complete 
| 214|0x000000008d600000, 0x000000008d700000, 0x000000008d700000|100%| E|CS|TAMS 0x000000008d600000, 0x000000008d600000| Complete 
| 215|0x000000008d700000, 0x000000008d800000, 0x000000008d800000|100%| E|CS|TAMS 0x000000008d700000, 0x000000008d700000| Complete 
| 240|0x000000008f000000, 0x000000008f100000, 0x000000008f100000|100%| E|CS|TAMS 0x000000008f000000, 0x000000008f000000| Complete 
| 241|0x000000008f100000, 0x000000008f200000, 0x000000008f200000|100%| E|CS|TAMS 0x000000008f100000, 0x000000008f100000| Complete 
| 242|0x000000008f200000, 0x000000008f300000, 0x000000008f300000|100%| E|CS|TAMS 0x000000008f200000, 0x000000008f200000| Complete 
| 255|0x000000008ff00000, 0x0000000090000000, 0x0000000090000000|100%| E|CS|TAMS 0x000000008ff00000, 0x000000008ff00000| Complete 

Card table byte_map: [0x00000240f16d0000,0x00000240f1ad0000] _byte_map_base: 0x00000240f12d0000

Marking Bits (Prev, Next): (CMBitMap*) 0x00000240f3effba0, (CMBitMap*) 0x00000240f3effb60
 Prev Bits: [0x00000240f40d0000, 0x00000240f60d0000)
 Next Bits: [0x00000240f1ed0000, 0x00000240f3ed0000)

Polling page: 0x00000240ecd60000

Metaspace:

Usage:
  Non-class:     54.90 MB used.
      Class:      6.78 MB used.
       Both:     61.68 MB used.

Virtual space:
  Non-class space:       64.00 MB reserved,      55.38 MB ( 87%) committed,  1 nodes.
      Class space:        1.00 GB reserved,       7.19 MB ( <1%) committed,  1 nodes.
             Both:        1.06 GB reserved,      62.56 MB (  6%) committed. 

Chunk freelists:
   Non-Class:  7.84 MB
       Class:  8.75 MB
        Both:  16.59 MB

MaxMetaspaceSize: unlimited
CompressedClassSpaceSize: 1.00 GB
Initial GC threshold: 21.00 MB
Current GC threshold: 98.75 MB
CDS: off
MetaspaceReclaimPolicy: balanced
 - commit_granule_bytes: 65536.
 - commit_granule_words: 8192.
 - virtual_space_node_default_size: 8388608.
 - enlarge_chunks_in_place: 1.
 - new_chunks_are_fully_committed: 0.
 - uncommit_free_chunks: 1.
 - use_allocation_guard: 0.
 - handle_deallocations: 1.


Internal statistics:

num_allocs_failed_limit: 9.
num_arena_births: 1362.
num_arena_deaths: 0.
num_vsnodes_births: 2.
num_vsnodes_deaths: 0.
num_space_committed: 1001.
num_space_uncommitted: 0.
num_chunks_returned_to_freelist: 9.
num_chunks_taken_from_freelist: 3306.
num_chunk_merges: 6.
num_chunk_splits: 2150.
num_chunks_enlarged: 1338.
num_inconsistent_stats: 0.

CodeHeap 'non-profiled nmethods': size=120000Kb used=9228Kb max_used=9228Kb free=110771Kb
 bounds [0x0000024087ad0000, 0x00000240883e0000, 0x000002408f000000]
CodeHeap 'profiled nmethods': size=120000Kb used=17641Kb max_used=17666Kb free=102358Kb
 bounds [0x0000024080000000, 0x0000024081160000, 0x0000024087530000]
CodeHeap 'non-nmethods': size=5760Kb used=2358Kb max_used=2453Kb free=3401Kb
 bounds [0x0000024087530000, 0x00000240877b0000, 0x0000024087ad0000]
 total_blobs=10392 nmethods=9510 adapters=794
 compilation: enabled
              stopped_count=0, restarted_count=0
 full_count=0

Compilation events (20 events):
Event: 143.748 Thread 0x00000240f84fa470 nmethod 12721 0x00000240883d0a90 code [0x00000240883d0c00, 0x00000240883d0c58]
Event: 143.748 Thread 0x00000240f8502db0 12722       3       org.codehaus.groovy.ast.ModuleNode::storeLastAddedImportNode (20 bytes)
Event: 143.749 Thread 0x00000240f8502db0 nmethod 12722 0x00000240803d5390 code [0x00000240803d5560, 0x00000240803d59f8]
Event: 143.749 Thread 0x00000240f84fa470 12723       4       org.apache.groovy.parser.antlr4.util.PositionConfigureUtils::configureAST (39 bytes)
Event: 143.750 Thread 0x00000240f86a9e10 nmethod 12720 0x00000240883d0d90 code [0x00000240883d0f20, 0x00000240883d1258]
Event: 143.763 Thread 0x00000240f8502db0 12724       3       java.net.URI::percentNormalizedComparison (221 bytes)
Event: 143.766 Thread 0x00000240f8502db0 nmethod 12724 0x0000024080e59410 code [0x0000024080e59940, 0x0000024080e5c2e8]
Event: 143.776 Thread 0x00000240f8502db0 12725       3       java.util.LinkedList::poll (19 bytes)
Event: 143.776 Thread 0x00000240f8502db0 nmethod 12725 0x00000240803d4f90 code [0x00000240803d5140, 0x00000240803d52e8]
Event: 143.787 Thread 0x00000240f8502db0 12726       3       java.util.LinkedList$LLSpliterator::getEst (56 bytes)
Event: 143.787 Thread 0x00000240f8502db0 nmethod 12726 0x00000240803d4b10 code [0x00000240803d4cc0, 0x00000240803d4ed8]
Event: 143.787 Thread 0x00000240f8502db0 12727       3       org.codehaus.groovy.ast.ClassCodeExpressionTransformer::visitConstructorOrMethod (64 bytes)
Event: 143.787 Thread 0x00000240f8502db0 nmethod 12727 0x00000240803d4190 code [0x00000240803d4380, 0x00000240803d48e8]
Event: 143.788 Thread 0x00000240f8502db0 12728       3       org.codehaus.groovy.ast.ClassCodeVisitorSupport::visitObjectInitializerStatements (38 bytes)
Event: 143.788 Thread 0x00000240f8502db0 nmethod 12728 0x0000024080e58590 code [0x0000024080e587c0, 0x0000024080e59118]
Event: 143.788 Thread 0x00000240f8502db0 12729       3       org.codehaus.groovy.ast.ClassNode::isAnnotationDefinition (24 bytes)
Event: 143.789 Thread 0x00000240f8502db0 nmethod 12729 0x0000024080e57610 code [0x0000024080e57820, 0x0000024080e582d8]
Event: 143.789 Thread 0x00000240f8502db0 12730       3       org.codehaus.groovy.classgen.AsmClassGenerator::visitAnnotations (1 bytes)
Event: 143.789 Thread 0x00000240f8502db0 nmethod 12730 0x00000240803d3e10 code [0x00000240803d3fa0, 0x00000240803d40b8]
Event: 143.799 Thread 0x00000240f86a9e10 12731       4       java.lang.invoke.MethodHandles::dropArgumentsToMatch (288 bytes)

GC Heap History (20 events):
Event: 25.202 GC heap before
{Heap before GC invocations=28 (full 0):
 garbage-first heap   total 225280K, used 180858K [0x0000000080000000, 0x0000000100000000)
  region size 1024K, 132 young (135168K), 1 survivors (1024K)
 Metaspace       used 59950K, committed 60800K, reserved 1114112K
  class space    used 6662K, committed 7040K, reserved 1048576K
}
Event: 25.204 GC heap after
{Heap after GC invocations=29 (full 0):
 garbage-first heap   total 225280K, used 46710K [0x0000000080000000, 0x0000000100000000)
  region size 1024K, 1 young (1024K), 1 survivors (1024K)
 Metaspace       used 59950K, committed 60800K, reserved 1114112K
  class space    used 6662K, committed 7040K, reserved 1048576K
}
Event: 26.262 GC heap before
{Heap before GC invocations=29 (full 0):
 garbage-first heap   total 225280K, used 179830K [0x0000000080000000, 0x0000000100000000)
  region size 1024K, 132 young (135168K), 1 survivors (1024K)
 Metaspace       used 59963K, committed 60800K, reserved 1114112K
  class space    used 6662K, committed 7040K, reserved 1048576K
}
Event: 26.264 GC heap after
{Heap after GC invocations=30 (full 0):
 garbage-first heap   total 225280K, used 46706K [0x0000000080000000, 0x0000000100000000)
  region size 1024K, 1 young (1024K), 1 survivors (1024K)
 Metaspace       used 59963K, committed 60800K, reserved 1114112K
  class space    used 6662K, committed 7040K, reserved 1048576K
}
Event: 27.329 GC heap before
{Heap before GC invocations=30 (full 0):
 garbage-first heap   total 225280K, used 180850K [0x0000000080000000, 0x0000000100000000)
  region size 1024K, 132 young (135168K), 1 survivors (1024K)
 Metaspace       used 59965K, committed 60800K, reserved 1114112K
  class space    used 6662K, committed 7040K, reserved 1048576K
}
Event: 27.331 GC heap after
{Heap after GC invocations=31 (full 0):
 garbage-first heap   total 225280K, used 46720K [0x0000000080000000, 0x0000000100000000)
  region size 1024K, 1 young (1024K), 1 survivors (1024K)
 Metaspace       used 59965K, committed 60800K, reserved 1114112K
  class space    used 6662K, committed 7040K, reserved 1048576K
}
Event: 28.474 GC heap before
{Heap before GC invocations=31 (full 0):
 garbage-first heap   total 225280K, used 179840K [0x0000000080000000, 0x0000000100000000)
  region size 1024K, 132 young (135168K), 1 survivors (1024K)
 Metaspace       used 59965K, committed 60800K, reserved 1114112K
  class space    used 6662K, committed 7040K, reserved 1048576K
}
Event: 28.477 GC heap after
{Heap after GC invocations=32 (full 0):
 garbage-first heap   total 225280K, used 46737K [0x0000000080000000, 0x0000000100000000)
  region size 1024K, 1 young (1024K), 1 survivors (1024K)
 Metaspace       used 59965K, committed 60800K, reserved 1114112K
  class space    used 6662K, committed 7040K, reserved 1048576K
}
Event: 33.521 GC heap before
{Heap before GC invocations=32 (full 0):
 garbage-first heap   total 225280K, used 179857K [0x0000000080000000, 0x0000000100000000)
  region size 1024K, 132 young (135168K), 1 survivors (1024K)
 Metaspace       used 61724K, committed 62720K, reserved 1114112K
  class space    used 6851K, committed 7296K, reserved 1048576K
}
Event: 33.525 GC heap after
{Heap after GC invocations=33 (full 0):
 garbage-first heap   total 225280K, used 48608K [0x0000000080000000, 0x0000000100000000)
  region size 1024K, 3 young (3072K), 3 survivors (3072K)
 Metaspace       used 61724K, committed 62720K, reserved 1114112K
  class space    used 6851K, committed 7296K, reserved 1048576K
}
Event: 54.957 GC heap before
{Heap before GC invocations=33 (full 0):
 garbage-first heap   total 225280K, used 179680K [0x0000000080000000, 0x0000000100000000)
  region size 1024K, 132 young (135168K), 3 survivors (3072K)
 Metaspace       used 62249K, committed 63232K, reserved 1114112K
  class space    used 6876K, committed 7360K, reserved 1048576K
}
Event: 54.962 GC heap after
{Heap after GC invocations=34 (full 0):
 garbage-first heap   total 225280K, used 49139K [0x0000000080000000, 0x0000000100000000)
  region size 1024K, 3 young (3072K), 3 survivors (3072K)
 Metaspace       used 62249K, committed 63232K, reserved 1114112K
  class space    used 6876K, committed 7360K, reserved 1048576K
}
Event: 86.986 GC heap before
{Heap before GC invocations=34 (full 0):
 garbage-first heap   total 225280K, used 180211K [0x0000000080000000, 0x0000000100000000)
  region size 1024K, 132 young (135168K), 3 survivors (3072K)
 Metaspace       used 62555K, committed 63488K, reserved 1114112K
  class space    used 6911K, committed 7360K, reserved 1048576K
}
Event: 86.990 GC heap after
{Heap after GC invocations=35 (full 0):
 garbage-first heap   total 225280K, used 49871K [0x0000000080000000, 0x0000000100000000)
  region size 1024K, 4 young (4096K), 4 survivors (4096K)
 Metaspace       used 62555K, committed 63488K, reserved 1114112K
  class space    used 6911K, committed 7360K, reserved 1048576K
}
Event: 94.609 GC heap before
{Heap before GC invocations=35 (full 0):
 garbage-first heap   total 225280K, used 179919K [0x0000000080000000, 0x0000000100000000)
  region size 1024K, 132 young (135168K), 4 survivors (4096K)
 Metaspace       used 62559K, committed 63488K, reserved 1114112K
  class space    used 6912K, committed 7360K, reserved 1048576K
}
Event: 94.614 GC heap after
{Heap after GC invocations=36 (full 0):
 garbage-first heap   total 225280K, used 50041K [0x0000000080000000, 0x0000000100000000)
  region size 1024K, 4 young (4096K), 4 survivors (4096K)
 Metaspace       used 62559K, committed 63488K, reserved 1114112K
  class space    used 6912K, committed 7360K, reserved 1048576K
}
Event: 121.012 GC heap before
{Heap before GC invocations=36 (full 0):
 garbage-first heap   total 225280K, used 180089K [0x0000000080000000, 0x0000000100000000)
  region size 1024K, 132 young (135168K), 4 survivors (4096K)
 Metaspace       used 63031K, committed 63936K, reserved 1114112K
  class space    used 6934K, committed 7360K, reserved 1048576K
}
Event: 121.019 GC heap after
{Heap after GC invocations=37 (full 0):
 garbage-first heap   total 225280K, used 51207K [0x0000000080000000, 0x0000000100000000)
  region size 1024K, 5 young (5120K), 5 survivors (5120K)
 Metaspace       used 63031K, committed 63936K, reserved 1114112K
  class space    used 6934K, committed 7360K, reserved 1048576K
}
Event: 138.448 GC heap before
{Heap before GC invocations=37 (full 0):
 garbage-first heap   total 225280K, used 180231K [0x0000000080000000, 0x0000000100000000)
  region size 1024K, 132 young (135168K), 5 survivors (5120K)
 Metaspace       used 63071K, committed 64000K, reserved 1114112K
  class space    used 6939K, committed 7360K, reserved 1048576K
}
Event: 138.453 GC heap after
{Heap after GC invocations=38 (full 0):
 garbage-first heap   total 225280K, used 51367K [0x0000000080000000, 0x0000000100000000)
  region size 1024K, 5 young (5120K), 5 survivors (5120K)
 Metaspace       used 63071K, committed 64000K, reserved 1114112K
  class space    used 6939K, committed 7360K, reserved 1048576K
}

Dll operation events (10 events):
Event: 0.043 Loaded shared library C:\Users\qk user2\.katalon\packages\KSE-10.4.2\jre\bin\java.dll
Event: 0.242 Loaded shared library C:\Users\qk user2\.katalon\packages\KSE-10.4.2\jre\bin\net.dll
Event: 0.247 Loaded shared library C:\Users\qk user2\.katalon\packages\KSE-10.4.2\jre\bin\nio.dll
Event: 0.256 Loaded shared library C:\Users\qk user2\.katalon\packages\KSE-10.4.2\jre\bin\zip.dll
Event: 0.927 Loaded shared library C:\Users\qk user2\.katalon\packages\KSE-10.4.2\jre\bin\verify.dll
Event: 1.089 Loaded shared library C:\Users\qk user2\.katalon\packages\KSE-10.4.2\jre\bin\jimage.dll
Event: 4.076 Loaded shared library C:\Users\qk user2\.katalon\packages\KSE-10.4.2\jre\bin\extnet.dll
Event: 6.722 Loaded shared library C:\Users\qk user2\.katalon\packages\KSE-10.4.2\jre\bin\management.dll
Event: 6.726 Loaded shared library C:\Users\qk user2\.katalon\packages\KSE-10.4.2\jre\bin\management_ext.dll
Event: 7.347 Loaded shared library C:\Users\qk user2\.katalon\packages\KSE-10.4.2\jre\bin\sunmscapi.dll

Deoptimization events (20 events):
Event: 119.806 Thread 0x00000240eddbaae0 DEOPT PACKING pc=0x00000240800108f6 sp=0x000000af53dfaa60
Event: 119.806 Thread 0x00000240eddbaae0 DEOPT UNPACKING pc=0x0000024087587143 sp=0x000000af53df9f00 mode 0
Event: 121.237 Thread 0x00000240908119b0 Uncommon trap: trap_request=0xfffffff4 fr.pc=0x0000024087f3bcfc relative=0x00000000000000dc
Event: 121.237 Thread 0x00000240908119b0 Uncommon trap: reason=null_check action=make_not_entrant pc=0x0000024087f3bcfc method=jdk.internal.net.http.HttpClientImpl.facade()Ljdk/internal/net/http/HttpClientFacade; @ 7 c2
Event: 121.237 Thread 0x00000240908119b0 DEOPT PACKING pc=0x0000024087f3bcfc sp=0x000000af539ff2c0
Event: 121.237 Thread 0x00000240908119b0 DEOPT UNPACKING pc=0x00000240875869a3 sp=0x000000af539ff218 mode 2
Event: 124.710 Thread 0x00000240eddbaae0 DEOPT PACKING pc=0x00000240800108f6 sp=0x000000af53dfaa60
Event: 124.710 Thread 0x00000240eddbaae0 DEOPT UNPACKING pc=0x0000024087587143 sp=0x000000af53df9f00 mode 0
Event: 126.658 Thread 0x00000240eddbaae0 DEOPT PACKING pc=0x00000240800108f6 sp=0x000000af53dfaa60
Event: 126.658 Thread 0x00000240eddbaae0 DEOPT UNPACKING pc=0x0000024087587143 sp=0x000000af53df9f00 mode 0
Event: 129.485 Thread 0x00000240eddbaae0 DEOPT PACKING pc=0x00000240800108f6 sp=0x000000af53dfaa60
Event: 129.485 Thread 0x00000240eddbaae0 DEOPT UNPACKING pc=0x0000024087587143 sp=0x000000af53df9f00 mode 0
Event: 136.796 Thread 0x00000240eddbaae0 DEOPT PACKING pc=0x00000240800108f6 sp=0x000000af53dfaa60
Event: 136.796 Thread 0x00000240eddbaae0 DEOPT UNPACKING pc=0x0000024087587143 sp=0x000000af53df9f00 mode 0
Event: 143.045 Thread 0x00000240eddbaae0 Uncommon trap: trap_request=0xffffffdc fr.pc=0x00000240883c9384 relative=0x0000000000000b24
Event: 143.045 Thread 0x00000240eddbaae0 Uncommon trap: reason=class_check action=make_not_entrant pc=0x00000240883c9384 method=java.lang.invoke.MethodHandles.copyTypes([Ljava/lang/Object;)Ljava/util/List; @ 6 c2
Event: 143.045 Thread 0x00000240eddbaae0 DEOPT PACKING pc=0x00000240883c9384 sp=0x000000af53dfae70
Event: 143.045 Thread 0x00000240eddbaae0 DEOPT UNPACKING pc=0x00000240875869a3 sp=0x000000af53dfadb0 mode 2
Event: 143.764 Thread 0x00000240eddbaae0 DEOPT PACKING pc=0x00000240804131d3 sp=0x000000af53df8f00
Event: 143.765 Thread 0x00000240eddbaae0 DEOPT UNPACKING pc=0x0000024087587143 sp=0x000000af53df8448 mode 0

Classes loaded (20 events):
Event: 100.531 Loading class java/lang/Object$STOP_ON_FAILURE
Event: 100.531 Loading class java/lang/Object$STOP_ON_FAILURE done
Event: 100.539 Loading class java/lang/Enum$OPTIONAL
Event: 100.539 Loading class java/lang/Enum$OPTIONAL done
Event: 100.540 Loading class java/lang/Object$OPTIONAL
Event: 100.540 Loading class java/lang/Object$OPTIONAL done
Event: 100.552 Loading class java/lang/Object$G_PageTimeout
Event: 100.552 Loading class java/lang/Object$G_PageTimeout done
Event: 100.555 Loading class java/lang/Object$G_USER
Event: 100.555 Loading class java/lang/Object$G_USER done
Event: 100.907 Loading class java/lang/Object$G_ClaimPortalUrl
Event: 100.907 Loading class java/lang/Object$G_ClaimPortalUrl done
Event: 100.918 Loading class java/lang/UserID
Event: 100.918 Loading class java/lang/UserID done
Event: 100.919 Loading class java/util/UserID
Event: 100.919 Loading class java/util/UserID done
Event: 100.919 Loading class java/io/UserID
Event: 100.919 Loading class java/io/UserID done
Event: 100.920 Loading class java/net/UserID
Event: 100.920 Loading class java/net/UserID done

Classes unloaded (0 events):
No events

Classes redefined (0 events):
No events

Internal exceptions (20 events):
Event: 137.021 Thread 0x00000240eddbaae0 Exception <a 'java/lang/ClassNotFoundException'{0x0000000087870960}: org/openqa/selenium/support/ui/SelectBeanInfo> (0x0000000087870960) 
thrown [s\src\hotspot\share\classfile\systemDictionary.cpp, line 256]
Event: 137.022 Thread 0x00000240eddbaae0 Exception <a 'java/lang/ClassNotFoundException'{0x000000008788c8e0}: org/openqa/selenium/support/ui/SelectCustomizer> (0x000000008788c8e0) 
thrown [s\src\hotspot\share\classfile\systemDictionary.cpp, line 256]
Event: 137.058 Thread 0x00000240eddbaae0 Exception <a 'java/lang/reflect/InvocationTargetException'{0x00000000878bb260}> (0x00000000878bb260) 
thrown [s\src\hotspot\share\runtime\reflection.cpp, line 1128]
Event: 137.132 Thread 0x00000240eddbaae0 Exception <a 'java/lang/reflect/InvocationTargetException'{0x00000000876248d0}> (0x00000000876248d0) 
thrown [s\src\hotspot\share\runtime\reflection.cpp, line 1128]
Event: 137.211 Thread 0x00000240eddbaae0 Exception <a 'java/lang/reflect/InvocationTargetException'{0x0000000087557828}> (0x0000000087557828) 
thrown [s\src\hotspot\share\runtime\reflection.cpp, line 1128]
Event: 137.278 Thread 0x00000240eddbaae0 Exception <a 'java/lang/reflect/InvocationTargetException'{0x00000000874be418}> (0x00000000874be418) 
thrown [s\src\hotspot\share\runtime\reflection.cpp, line 1128]
Event: 137.343 Thread 0x00000240eddbaae0 Exception <a 'java/lang/reflect/InvocationTargetException'{0x0000000087255a98}> (0x0000000087255a98) 
thrown [s\src\hotspot\share\runtime\reflection.cpp, line 1128]
Event: 137.411 Thread 0x00000240eddbaae0 Exception <a 'java/lang/reflect/InvocationTargetException'{0x0000000087141c20}> (0x0000000087141c20) 
thrown [s\src\hotspot\share\runtime\reflection.cpp, line 1128]
Event: 137.489 Thread 0x00000240eddbaae0 Exception <a 'java/lang/reflect/InvocationTargetException'{0x00000000870f91e0}> (0x00000000870f91e0) 
thrown [s\src\hotspot\share\runtime\reflection.cpp, line 1128]
Event: 137.565 Thread 0x00000240eddbaae0 Exception <a 'java/lang/reflect/InvocationTargetException'{0x0000000086fe4138}> (0x0000000086fe4138) 
thrown [s\src\hotspot\share\runtime\reflection.cpp, line 1128]
Event: 137.641 Thread 0x00000240eddbaae0 Exception <a 'java/lang/reflect/InvocationTargetException'{0x0000000086d64df0}> (0x0000000086d64df0) 
thrown [s\src\hotspot\share\runtime\reflection.cpp, line 1128]
Event: 137.715 Thread 0x00000240eddbaae0 Exception <a 'java/lang/reflect/InvocationTargetException'{0x0000000086c76000}> (0x0000000086c76000) 
thrown [s\src\hotspot\share\runtime\reflection.cpp, line 1128]
Event: 137.783 Thread 0x00000240eddbaae0 Exception <a 'java/lang/reflect/InvocationTargetException'{0x0000000086bdfea0}> (0x0000000086bdfea0) 
thrown [s\src\hotspot\share\runtime\reflection.cpp, line 1128]
Event: 137.850 Thread 0x00000240eddbaae0 Exception <a 'java/lang/reflect/InvocationTargetException'{0x0000000086956ac8}> (0x0000000086956ac8) 
thrown [s\src\hotspot\share\runtime\reflection.cpp, line 1128]
Event: 137.920 Thread 0x00000240eddbaae0 Exception <a 'java/lang/reflect/InvocationTargetException'{0x00000000868ea790}> (0x00000000868ea790) 
thrown [s\src\hotspot\share\runtime\reflection.cpp, line 1128]
Event: 137.984 Thread 0x00000240eddbaae0 Exception <a 'java/lang/reflect/InvocationTargetException'{0x00000000867fbb08}> (0x00000000867fbb08) 
thrown [s\src\hotspot\share\runtime\reflection.cpp, line 1128]
Event: 138.049 Thread 0x00000240eddbaae0 Exception <a 'java/lang/reflect/InvocationTargetException'{0x0000000086541e10}> (0x0000000086541e10) 
thrown [s\src\hotspot\share\runtime\reflection.cpp, line 1128]
Event: 138.113 Thread 0x00000240eddbaae0 Exception <a 'java/lang/reflect/InvocationTargetException'{0x00000000864a22a0}> (0x00000000864a22a0) 
thrown [s\src\hotspot\share\runtime\reflection.cpp, line 1128]
Event: 143.796 Thread 0x00000240eddbaae0 Exception <a 'java/lang/ClassNotFoundException'{0x000000008853b898}: Script1773491790106BeanInfo> (0x000000008853b898) 
thrown [s\src\hotspot\share\classfile\systemDictionary.cpp, line 256]
Event: 143.798 Thread 0x00000240eddbaae0 Exception <a 'java/lang/ClassNotFoundException'{0x00000000885648a8}: Script1773491790106Customizer> (0x00000000885648a8) 
thrown [s\src\hotspot\share\classfile\systemDictionary.cpp, line 256]

VM Operations (20 events):
Event: 130.022 Executing VM operation: Cleanup
Event: 130.022 Executing VM operation: Cleanup done
Event: 133.024 Executing VM operation: Cleanup
Event: 133.024 Executing VM operation: Cleanup done
Event: 134.024 Executing VM operation: Cleanup
Event: 134.024 Executing VM operation: Cleanup done
Event: 137.025 Executing VM operation: Cleanup
Event: 137.025 Executing VM operation: Cleanup done
Event: 138.026 Executing VM operation: Cleanup
Event: 138.026 Executing VM operation: Cleanup done
Event: 138.448 Executing VM operation: G1CollectForAllocation
Event: 138.453 Executing VM operation: G1CollectForAllocation done
Event: 139.453 Executing VM operation: Cleanup
Event: 139.454 Executing VM operation: Cleanup done
Event: 140.454 Executing VM operation: Cleanup
Event: 140.454 Executing VM operation: Cleanup done
Event: 142.455 Executing VM operation: Cleanup
Event: 142.455 Executing VM operation: Cleanup done
Event: 143.456 Executing VM operation: Cleanup
Event: 143.456 Executing VM operation: Cleanup done

Memory protections (0 events):
No events

Nmethod flushes (20 events):
Event: 100.493 Thread 0x00000240f856ae70 flushing  nmethod 0x0000024080efc190
Event: 100.493 Thread 0x00000240f856ae70 flushing  nmethod 0x0000024080f08990
Event: 100.493 Thread 0x00000240f856ae70 flushing  nmethod 0x0000024080f09110
Event: 100.493 Thread 0x00000240f856ae70 flushing  nmethod 0x0000024080f09c10
Event: 100.493 Thread 0x00000240f856ae70 flushing  nmethod 0x0000024080f0b290
Event: 100.493 Thread 0x00000240f856ae70 flushing  nmethod 0x0000024080f1a290
Event: 100.493 Thread 0x00000240f856ae70 flushing  nmethod 0x0000024080f94090
Event: 100.493 Thread 0x00000240f856ae70 flushing  nmethod 0x0000024080f9e010
Event: 100.493 Thread 0x00000240f856ae70 flushing  nmethod 0x0000024080fbb390
Event: 100.493 Thread 0x00000240f856ae70 flushing  nmethod 0x0000024080fbc290
Event: 100.493 Thread 0x00000240f856ae70 flushing  nmethod 0x0000024080fc3c10
Event: 100.493 Thread 0x00000240f856ae70 flushing  nmethod 0x0000024080fc5e90
Event: 100.493 Thread 0x00000240f856ae70 flushing  nmethod 0x0000024080fc6210
Event: 100.493 Thread 0x00000240f856ae70 flushing  nmethod 0x0000024080fef610
Event: 100.493 Thread 0x00000240f856ae70 flushing  nmethod 0x0000024080ff7610
Event: 100.494 Thread 0x00000240f856ae70 flushing  nmethod 0x000002408102b110
Event: 100.494 Thread 0x00000240f856ae70 flushing  nmethod 0x0000024081067110
Event: 100.494 Thread 0x00000240f856ae70 flushing  nmethod 0x0000024081092110
Event: 100.494 Thread 0x00000240f856ae70 flushing  nmethod 0x0000024081109610
Event: 100.494 Thread 0x00000240f856ae70 flushing  nmethod 0x000002408110aa10

Events (20 events):
Event: 101.377 Thread 0x00000240eddbaae0 Thread added: 0x00000240908179e0
Event: 101.377 Thread 0x00000240eddbaae0 Thread added: 0x0000024090815b80
Event: 101.378 Thread 0x00000240eddbaae0 Thread added: 0x0000024090813810
Event: 101.538 Thread 0x00000240eddbaae0 Thread added: 0x0000024090818910
Event: 101.540 Thread 0x00000240908165a0 Thread added: 0x0000024090811ec0
Event: 101.540 Thread 0x00000240908165a0 Thread added: 0x00000240908123d0
Event: 102.934 Thread 0x000002409049d5b0 Thread exited: 0x000002409049d5b0
Event: 102.940 Thread 0x00000240eddbaae0 Thread added: 0x0000024090816090
Event: 102.949 Thread 0x00000240eddbaae0 Thread added: 0x0000024090815160
Event: 102.949 Thread 0x00000240eddbaae0 Thread added: 0x0000024090816ab0
Event: 102.951 Thread 0x0000024090815160 Thread added: 0x00000240908128e0
Event: 102.952 Thread 0x0000024090815160 Thread added: 0x0000024090815670
Event: 102.952 Thread 0x0000024090815160 Thread added: 0x0000024090813d20
Event: 110.235 Thread 0x00000240908114a0 Thread exited: 0x00000240908114a0
Event: 121.239 Thread 0x00000240908119b0 Thread exited: 0x00000240908119b0
Event: 123.707 Thread 0x00000240908174d0 Thread exited: 0x00000240908174d0
Event: 135.428 Thread 0x00000240f84fa470 Thread added: 0x00000240fdc72750
Event: 136.314 Thread 0x00000240fdc72750 Thread exited: 0x00000240fdc72750
Event: 138.156 Thread 0x00000240908165a0 Thread added: 0x00000240908114a0
Event: 143.716 Thread 0x00000240f8502db0 Thread added: 0x00000240f86a9e10


Dynamic libraries:
0x00007ff6c5f30000 - 0x00007ff6c5f3e000 	C:\Users\qk user2\.katalon\packages\KSE-10.4.2\jre\bin\javaw.exe
0x00007ffb56180000 - 0x00007ffb56384000 	C:\Windows\SYSTEM32\ntdll.dll
0x00007ffb540b0000 - 0x00007ffb5416c000 	C:\Windows\System32\KERNEL32.DLL
0x00007ffb53770000 - 0x00007ffb53ae0000 	C:\Windows\System32\KERNELBASE.dll
0x00007ffb53db0000 - 0x00007ffb53ec0000 	C:\Windows\System32\ucrtbase.dll
0x00007ffb40b50000 - 0x00007ffb40b6e000 	C:\Users\qk user2\.katalon\packages\KSE-10.4.2\jre\bin\VCRUNTIME140.dll
0x00007ffb404c0000 - 0x00007ffb404d7000 	C:\Users\qk user2\.katalon\packages\KSE-10.4.2\jre\bin\jli.dll
0x00007ffb55940000 - 0x00007ffb55ae6000 	C:\Windows\System32\USER32.dll
0x00007ffb53d00000 - 0x00007ffb53d26000 	C:\Windows\System32\win32u.dll
0x00007ffb529d0000 - 0x00007ffb52c75000 	C:\Windows\WinSxS\amd64_microsoft.windows.common-controls_6595b64144ccf1df_6.0.20348.4294_none_947bfbafeeecc1d8\COMCTL32.dll
0x00007ffb54430000 - 0x00007ffb5445c000 	C:\Windows\System32\GDI32.dll
0x00007ffb53f90000 - 0x00007ffb540ac000 	C:\Windows\System32\gdi32full.dll
0x00007ffb53ef0000 - 0x00007ffb53f90000 	C:\Windows\System32\msvcp_win.dll
0x00007ffb54460000 - 0x00007ffb54503000 	C:\Windows\System32\msvcrt.dll
0x00007ffb551a0000 - 0x00007ffb551d1000 	C:\Windows\System32\IMM32.DLL
0x00007ffb42000000 - 0x00007ffb4215d000 	C:\Windows\system32\tmumh\20019\AddOn\8.55.0.1389\TmUmEvt64.dll
0x00007ffb543e0000 - 0x00007ffb543e8000 	C:\Windows\System32\PSAPI.DLL
0x00007ffb55f90000 - 0x00007ffb56041000 	C:\Windows\System32\ADVAPI32.dll
0x00007ffb54170000 - 0x00007ffb54212000 	C:\Windows\System32\sechost.dll
0x00007ffb53ec0000 - 0x00007ffb53ee7000 	C:\Windows\System32\bcrypt.dll
0x00007ffb54b20000 - 0x00007ffb54c40000 	C:\Windows\System32\RPCRT4.dll
0x00000000741c0000 - 0x00000000742e5000 	C:\Windows\system32\tmumh\20019\TmMon\2.9.0.1228\tmmon64.dll
0x00007ffb21160000 - 0x00007ffb2149a000 	C:\Windows\System32\TmLWE\TmUmSnsr64\1.0.0.1158\TmUmSnsr64.dll
0x00007ffb51920000 - 0x00007ffb51937000 	C:\Windows\SYSTEM32\kernel.appcore.dll
0x00007ffb49850000 - 0x00007ffb4985c000 	C:\Users\qk user2\.katalon\packages\KSE-10.4.2\jre\bin\vcruntime140_1.dll
0x00007ffb30190000 - 0x00007ffb3021d000 	C:\Users\qk user2\.katalon\packages\KSE-10.4.2\jre\bin\msvcp140.dll
0x00007ffb20260000 - 0x00007ffb20ecb000 	C:\Users\qk user2\.katalon\packages\KSE-10.4.2\jre\bin\server\jvm.dll
0x00007ffb55dc0000 - 0x00007ffb55e31000 	C:\Windows\System32\WS2_32.dll
0x00007ffb535c0000 - 0x00007ffb5360d000 	C:\Windows\SYSTEM32\POWRPROF.dll
0x00007ffb435c0000 - 0x00007ffb435e7000 	C:\Windows\SYSTEM32\WINMM.dll
0x00007ffb47050000 - 0x00007ffb4705a000 	C:\Windows\SYSTEM32\VERSION.dll
0x00007ffb535a0000 - 0x00007ffb535b3000 	C:\Windows\SYSTEM32\UMPDC.dll
0x00007ffb4a150000 - 0x00007ffb4a15a000 	C:\Users\qk user2\.katalon\packages\KSE-10.4.2\jre\bin\jimage.dll
0x00007ffb52f80000 - 0x00007ffb531a0000 	C:\Windows\SYSTEM32\DBGHELP.DLL
0x00007ffb52ed0000 - 0x00007ffb52f00000 	C:\Windows\SYSTEM32\dbgcore.DLL
0x00007ffb536f0000 - 0x00007ffb5376f000 	C:\Windows\System32\bcryptPrimitives.dll
0x00007ffb358a0000 - 0x00007ffb358c5000 	C:\Users\qk user2\.katalon\packages\KSE-10.4.2\jre\bin\java.dll
0x00007ffb40b20000 - 0x00007ffb40b38000 	C:\Users\qk user2\.katalon\packages\KSE-10.4.2\jre\bin\zip.dll
0x00007ffb551e0000 - 0x00007ffb5593a000 	C:\Windows\System32\SHELL32.dll
0x00007ffb4ce40000 - 0x00007ffb4d684000 	C:\Windows\SYSTEM32\windows.storage.dll
0x00007ffb54740000 - 0x00007ffb54ab0000 	C:\Windows\System32\combase.dll
0x00007ffb550b0000 - 0x00007ffb5519a000 	C:\Windows\System32\SHCORE.dll
0x00007ffb56050000 - 0x00007ffb560af000 	C:\Windows\System32\shlwapi.dll
0x00007ffb53620000 - 0x00007ffb53641000 	C:\Windows\SYSTEM32\profapi.dll
0x00007ffb40a20000 - 0x00007ffb40a39000 	C:\Users\qk user2\.katalon\packages\KSE-10.4.2\jre\bin\net.dll
0x00007ffb4b370000 - 0x00007ffb4b478000 	C:\Windows\SYSTEM32\WINHTTP.dll
0x00007ffb52540000 - 0x00007ffb525a8000 	C:\Windows\system32\mswsock.dll
0x00007ffb38160000 - 0x00007ffb38176000 	C:\Users\qk user2\.katalon\packages\KSE-10.4.2\jre\bin\nio.dll
0x00007ffb40210000 - 0x00007ffb40220000 	C:\Users\qk user2\.katalon\packages\KSE-10.4.2\jre\bin\verify.dll
0x00007ffb3e8c0000 - 0x00007ffb3e8c9000 	C:\Users\qk user2\.katalon\packages\KSE-10.4.2\jre\bin\extnet.dll
0x00007ffb52260000 - 0x00007ffb5233e000 	C:\Windows\SYSTEM32\DNSAPI.dll
0x00007ffb52230000 - 0x00007ffb5225d000 	C:\Windows\SYSTEM32\IPHLPAPI.DLL
0x00007ffb54730000 - 0x00007ffb54739000 	C:\Windows\System32\NSI.dll
0x00007ffb47ae0000 - 0x00007ffb47aea000 	C:\Windows\System32\rasadhlp.dll
0x00007ffb4b890000 - 0x00007ffb4b912000 	C:\Windows\System32\fwpuclnt.dll
0x00007ffb3d8e0000 - 0x00007ffb3d8ea000 	C:\Users\qk user2\.katalon\packages\KSE-10.4.2\jre\bin\management.dll
0x00007ffb3c460000 - 0x00007ffb3c46b000 	C:\Users\qk user2\.katalon\packages\KSE-10.4.2\jre\bin\management_ext.dll
0x00007ffb532c0000 - 0x00007ffb532db000 	C:\Windows\SYSTEM32\CRYPTSP.dll
0x00007ffb52050000 - 0x00007ffb52088000 	C:\Windows\system32\rsaenh.dll
0x00007ffb527e0000 - 0x00007ffb5280e000 	C:\Windows\SYSTEM32\USERENV.dll
0x00007ffb52810000 - 0x00007ffb5281c000 	C:\Windows\SYSTEM32\CRYPTBASE.dll
0x00007ffb4b860000 - 0x00007ffb4b879000 	C:\Windows\SYSTEM32\dhcpcsvc6.DLL
0x00007ffb4b7d0000 - 0x00007ffb4b7ed000 	C:\Windows\SYSTEM32\dhcpcsvc.DLL
0x00007ffb3fbb0000 - 0x00007ffb3fbbe000 	C:\Users\qk user2\.katalon\packages\KSE-10.4.2\jre\bin\sunmscapi.dll
0x00007ffb53ae0000 - 0x00007ffb53c40000 	C:\Windows\System32\CRYPT32.dll
0x00007ffb52760000 - 0x00007ffb5278f000 	C:\Windows\SYSTEM32\ncrypt.dll
0x00007ffb52720000 - 0x00007ffb52757000 	C:\Windows\SYSTEM32\NTASN1.dll
0x00007ffb3e860000 - 0x00007ffb3e868000 	C:\Windows\system32\wshunix.dll
0x00007ffb53280000 - 0x00007ffb532b4000 	C:\Windows\SYSTEM32\ntmarta.dll

dbghelp: loaded successfully - version: 4.0.5 - missing functions: none
symbol engine: initialized successfully - sym options: 0x614 - pdb path: .;C:\Users\qk user2\.katalon\packages\KSE-10.4.2\jre\bin;C:\Windows\SYSTEM32;C:\Windows\WinSxS\amd64_microsoft.windows.common-controls_6595b64144ccf1df_6.0.20348.4294_none_947bfbafeeecc1d8;C:\Windows\system32\tmumh\20019\AddOn\8.55.0.1389;C:\Windows\system32\tmumh\20019\TmMon\2.9.0.1228;C:\Windows\System32\TmLWE\TmUmSnsr64\1.0.0.1158;C:\Users\qk user2\.katalon\packages\KSE-10.4.2\jre\bin\server

VM Arguments:
jvm_args: -Dgroovy.home=C:\Users\qk user2/.groovy -Djava.system.class.loader=groovy.lang.GroovyClassLoader -Xmx2048m -Dfile.encoding=UTF-8 -Dstdout.encoding=UTF-8 -Dstderr.encoding=UTF-8 -XX:+ShowCodeDetailsInExceptionMessages 
java_command: org.codehaus.groovy.tools.GroovyStarter --classpath E:\Death_Claim_Automation\bin\keyword;E:\Death_Claim_Automation\Keywords;E:\Death_Claim_Automation\bin\listener;E:\Death_Claim_Automation\Test Listeners;E:\Death_Claim_Automation\bin\lib;E:\Death_Claim_Automation\Libs;E:\Death_Claim_Automation\bin\groovy;E:\Death_Claim_Automation\Include\scripts\groovy;C:\Users\qk user2\.katalon\packages\KSE-10.4.2\plugins\com.kms.katalon.core_1.0.0.202511190132.jar;C:\Users\qk user2\.katalon\packages\KSE-10.4.2\configuration\resources\lib\aalto-xml-1.0.0.jar;C:\Users\qk user2\.katalon\packages\KSE-10.4.2\configuration\resources\lib\aws-2.20.3-fat.jar;C:\Users\qk user2\.katalon\packages\KSE-10.4.2\configuration\resources\lib\browsermob-core-2.1.5.jar;C:\Users\qk user2\.katalon\packages\KSE-10.4.2\configuration\resources\lib\byte-buddy-1.14.3.jar;C:\Users\qk user2\.katalon\packages\KSE-10.4.2\configuration\resources\lib\byte-buddy-agent-1.14.3.jar;C:\Users\qk user2\.katalon\packages\KSE-10.4.2\configuration\resources\lib\commons-codec-1.10.jar;C:\Users\qk user2\.katalon\packages\KSE-10.4.2\configuration\resources\lib\commons-collections4-4.1.jar;C:\Users\qk user2\.katalon\packages\KSE-10.4.2\configuration\resources\lib\commons-javaflow-20060411.jar;C:\Users\qk user2\.katalon\packages\KSE-10.4.2\configuration\resources\lib\commons-logging-1.3.4.jar;C:\Users\qk user2\.katalon\packages\KSE-10.4.2\configuration\resources\lib\curvesapi-1.04.jar;C:\Users\qk user2\.katalon\packages\KSE-10.4.2\configuration\resources\lib\dnsjava-3.6.2.jar;C:\Users\qk user2\.katalon\packages\KSE-10.4.2\configuration\resources\lib\ecj-3.21.0.jar;C:\Users\qk user2\.katalon\packages\KSE-10.4.2\configuration\resources\lib\fontbox-3.0.4.jar;C:\Users\qk user2\.katalon\packages\KSE-10.4.2\configuration\resources\lib\groovy-3.0.17.jar;C:\Users\qk user2\.katalon\packages\KSE-10.4.2\configuration\resources\lib\jackson-coreutils-2.0.jar;C:\Users\qk user2\.katalon\packages\KSE-10.4.2\configuration\resour
java_class_path (initial): E:\Death_Claim_Automation\bin\keyword;E:\Death_Claim_Automation\bin\listener;E:\Death_Claim_Automation\bin\lib;E:\Death_Claim_Automation\bin\groovy;E:\Death_Claim_Automation\bin;C:\Users\qk user2\.katalon\packages\KSE-10.4.2\plugins\com.kms.katalon.core_1.0.0.202511190132.jar;C:\Users\qk user2\.katalon\packages\KSE-10.4.2\configuration\resources\lib\aalto-xml-1.0.0.jar;C:\Users\qk user2\.katalon\packages\KSE-10.4.2\configuration\resources\lib\aws-2.20.3-fat.jar;C:\Users\qk user2\.katalon\packages\KSE-10.4.2\configuration\resources\lib\browsermob-core-2.1.5.jar;C:\Users\qk user2\.katalon\packages\KSE-10.4.2\configuration\resources\lib\byte-buddy-1.14.3.jar;C:\Users\qk user2\.katalon\packages\KSE-10.4.2\configuration\resources\lib\byte-buddy-agent-1.14.3.jar;C:\Users\qk user2\.katalon\packages\KSE-10.4.2\configuration\resources\lib\commons-codec-1.10.jar;C:\Users\qk user2\.katalon\packages\KSE-10.4.2\configuration\resources\lib\commons-collections4-4.1.jar;C:\Users\qk user2\.katalon\packages\KSE-10.4.2\configuration\resources\lib\commons-javaflow-20060411.jar;C:\Users\qk user2\.katalon\packages\KSE-10.4.2\configuration\resources\lib\commons-logging-1.3.4.jar;C:\Users\qk user2\.katalon\packages\KSE-10.4.2\configuration\resources\lib\curvesapi-1.04.jar;C:\Users\qk user2\.katalon\packages\KSE-10.4.2\configuration\resources\lib\dnsjava-3.6.2.jar;C:\Users\qk user2\.katalon\packages\KSE-10.4.2\configuration\resources\lib\ecj-3.21.0.jar;C:\Users\qk user2\.katalon\packages\KSE-10.4.2\configuration\resources\lib\fontbox-3.0.4.jar;C:\Users\qk user2\.katalon\packages\KSE-10.4.2\configuration\resources\lib\groovy-3.0.17.jar;C:\Users\qk user2\.katalon\packages\KSE-10.4.2\configuration\resources\lib\jackson-coreutils-2.0.jar;C:\Users\qk user2\.katalon\packages\KSE-10.4.2\configuration\resources\lib\jackson-coreutils-equivalence-1.0.jar;C:\Users\qk user2\.katalon\packages\KSE-10.4.2\configuration\resources\lib\jasperreports-6.20.5.jar;C:\Users\qk user2\.
Launcher Type: SUN_STANDARD

[Global flags]
     intx CICompilerCount                          = 3                                         {product} {ergonomic}
     uint ConcGCThreads                            = 1                                         {product} {ergonomic}
     uint G1ConcRefinementThreads                  = 4                                         {product} {ergonomic}
   size_t G1HeapRegionSize                         = 1048576                                   {product} {ergonomic}
    uintx GCDrainStackTargetSize                   = 64                                        {product} {ergonomic}
   size_t InitialHeapSize                          = 268435456                                 {product} {ergonomic}
   size_t MarkStackSize                            = 4194304                                   {product} {ergonomic}
   size_t MaxHeapSize                              = 2147483648                                {product} {command line}
   size_t MaxNewSize                               = 1287651328                                {product} {ergonomic}
   size_t MinHeapDeltaBytes                        = 1048576                                   {product} {ergonomic}
   size_t MinHeapSize                              = 8388608                                   {product} {ergonomic}
    uintx NonNMethodCodeHeapSize                   = 5832780                                {pd product} {ergonomic}
    uintx NonProfiledCodeHeapSize                  = 122912730                              {pd product} {ergonomic}
    uintx ProfiledCodeHeapSize                     = 122912730                              {pd product} {ergonomic}
    uintx ReservedCodeCacheSize                    = 251658240                              {pd product} {ergonomic}
     bool SegmentedCodeCache                       = true                                      {product} {ergonomic}
     bool ShowCodeDetailsInExceptionMessages       = true                                   {manageable} {command line}
   size_t SoftMaxHeapSize                          = 2147483648                             {manageable} {ergonomic}
     bool UseCompressedClassPointers               = true                           {product lp64_product} {ergonomic}
     bool UseCompressedOops                        = true                           {product lp64_product} {ergonomic}
     bool UseG1GC                                  = true                                      {product} {ergonomic}
     bool UseLargePagesIndividualAllocation        = false                                  {pd product} {ergonomic}

Logging:
Log output configuration:
 #0: stdout all=warning uptime,level,tags
 #1: stderr all=off uptime,level,tags

Environment Variables:
PATH=C:/Users/qk user2/.katalon/packages/KSE-10.4.2/jre/bin/server;C:/Users/qk user2/.katalon/packages/KSE-10.4.2/jre/bin;C:\Program Files\Common Files\Oracle\Java\javapath;C:\Program Files (x86)\Common Files\Oracle\Java\java8path;C:\Program Files (x86)\Common Files\Oracle\Java\javapath;C:\Windows\system32;C:\Windows;C:\Windows\System32\Wbem;C:\Windows\System32\WindowsPowerShell\v1.0\;C:\Windows\System32\OpenSSH\;C:\Program Files\Java\jdk-17\bin;C:\Users\qk user2\AppData\Local\Microsoft\WindowsApps;;C:\Users\qk user2\.katalon\packages\KSE-10.4.2;
USERNAME=QK user2
OS=Windows_NT
PROCESSOR_IDENTIFIER=Intel64 Family 6 Model 85 Stepping 4, GenuineIntel
TMP=C:\Users\QKUSER~1\AppData\Local\Temp\5
TEMP=C:\Users\QKUSER~1\AppData\Local\Temp\5



Periodic native trim disabled


---------------  S Y S T E M  ---------------

OS:
 Windows Server 2022 , 64 bit Build 20348 (10.0.20348.3692)
OS uptime: 22 days 21:30 hours
VMWare virtualization detected

CPU: total 4 (initial active 4) (2 cores per cpu, 1 threads per core) family 6 model 85 stepping 4 microcode 0x2007006, cx8, cmov, fxsr, mmx, 3dnowpref, sse, sse2, sse3, ssse3, sse4.1, sse4.2, popcnt, lzcnt, tsc, tscinvbit, avx, avx2, aes, erms, clmul, bmi1, bmi2, adx, fma, vzeroupper, clflush, clflushopt, clwb, hv
Processor Information for all 4 processors :
  Max Mhz: 2594, Current Mhz: 2594, Mhz Limit: 2594

Memory: 4k page, system-wide physical 16383M (1131M free)
TotalPageFile size 29096M (AvailPageFile size 33M)
current process WorkingSet (physical memory assigned to process): 406M, peak: 443M
current process commit charge ("private bytes"): 433M, peak: 471M

vm_info: OpenJDK 64-Bit Server VM (17.0.14+7) for windows-amd64 JRE (17.0.14+7), built on Jan 21 2025 23:40:15 by "admin" with MS VC++ 17.7 (VS2022)

END.
